

============================== 13:06:28.050095 | 976fd58f-0b45-4e5a-84e7-356fb57026a9 ==============================
[0m13:06:28.050095 [info ] [Dummy-1   ]: Running with dbt=1.9.4
[0m13:06:28.051362 [debug] [Dummy-1   ]: running dbt with arguments {'printer_width': '80', 'indirect_selection': 'eager', 'write_json': 'True', 'log_cache_events': 'False', 'partial_parse': 'True', 'cache_selected_only': 'False', 'profiles_dir': '/tmp/dbt/', 'version_check': 'True', 'fail_fast': 'False', 'log_path': '/tmp/dbt/logs', 'debug': 'False', 'warn_error': 'None', 'use_colors': 'True', 'use_experimental_parser': 'False', 'empty': 'False', 'quiet': 'False', 'no_print': 'None', 'warn_error_options': 'WarnErrorOptions(include=[], exclude=[])', 'static_parser': 'True', 'invocation_command': 'dbt ', 'introspect': 'True', 'target_path': '/tmp/dbt/target/', 'log_format': 'default', 'send_anonymous_usage_stats': 'False'}
[0m13:06:28.125513 [error] [Dummy-1   ]:  adapter: Invalid profile: 'user' is a required property.
[0m13:06:28.422349 [info ] [Dummy-1   ]: Registered adapter: snowflake=1.9.2
[0m13:06:28.476344 [debug] [Dummy-1   ]: checksum: 53ed91fada2233efb98368d1716b44ab532c83a9c293cf1890b7905d5b45fb25, vars: {}, profile: , target: dev, version: 1.9.4
[0m13:06:28.477829 [info ] [Dummy-1   ]: Unable to do partial parsing because saved manifest not found. Starting full parse.
[0m13:06:30.944900 [debug] [Dummy-1   ]: Wrote artifact WritableManifest to /tmp/dbt/target/manifest.json
[0m13:06:30.947653 [debug] [Dummy-1   ]: Wrote artifact SemanticManifest to /tmp/dbt/target/semantic_manifest.json
[0m13:06:30.988439 [info ] [Dummy-1   ]: Found 4 models, 8 data tests, 2 sources, 474 macros
[0m13:06:30.991588 [info ] [Dummy-1   ]: 
[0m13:06:30.992287 [info ] [Dummy-1   ]: Concurrency: 8 threads (target='dev')
[0m13:06:30.992898 [info ] [Dummy-1   ]: 
[0m13:06:30.993831 [debug] [Dummy-1   ]: Acquiring new snowflake connection 'master'
[0m13:06:31.001332 [debug] [ThreadPool]: Acquiring new snowflake connection 'list_DBT_DATABASE_DBT_SCHEMA_DBT_SCHEMA'
[0m13:06:31.117553 [debug] [ThreadPool]: Using snowflake connection "list_DBT_DATABASE_DBT_SCHEMA_DBT_SCHEMA"
[0m13:06:31.118328 [debug] [ThreadPool]: On list_DBT_DATABASE_DBT_SCHEMA_DBT_SCHEMA: /* {"app": "dbt", "dbt_version": "1.9.4", "profile_name": "dbt_snowflake_demo", "target_name": "dev", "connection_name": "list_DBT_DATABASE_DBT_SCHEMA_DBT_SCHEMA"} */
alter session set quoted_identifiers_ignore_case = false;
[0m13:06:31.119057 [debug] [ThreadPool]: Opening a new connection, currently in state init
[0m13:06:31.615951 [debug] [ThreadPool]: SQL status: SUCCESS 1 in 0.497 seconds
[0m13:06:31.622456 [debug] [ThreadPool]: Using snowflake connection "list_DBT_DATABASE_DBT_SCHEMA_DBT_SCHEMA"
[0m13:06:31.623361 [debug] [ThreadPool]: On list_DBT_DATABASE_DBT_SCHEMA_DBT_SCHEMA: /* {"app": "dbt", "dbt_version": "1.9.4", "profile_name": "dbt_snowflake_demo", "target_name": "dev", "connection_name": "list_DBT_DATABASE_DBT_SCHEMA_DBT_SCHEMA"} */
show objects in DBT_DATABASE.DBT_SCHEMA_DBT_SCHEMA
    limit 10000
    
;
[0m13:06:31.663384 [debug] [ThreadPool]: Snowflake adapter: Snowflake query id: 01c4e848-0001-fbe5-0009-ded203f452fa
[0m13:06:31.664176 [debug] [ThreadPool]: Snowflake adapter: Snowflake error: 002043 (02000): SQL compilation error:
Object does not exist, or operation cannot be performed.
[0m13:06:31.665058 [debug] [ThreadPool]: Snowflake adapter: Error running SQL: macro list_relations_without_caching
[0m13:06:31.665723 [debug] [ThreadPool]: Snowflake adapter: Rolling back transaction.
[0m13:06:31.675867 [debug] [Thread-2 (]: Began running node model.dbt_snowflake_demo.stg_customers
[0m13:06:31.677033 [debug] [Thread-3 (]: Began running node model.dbt_snowflake_demo.stg_orders
[0m13:06:31.678057 [debug] [Thread-2 (]: Re-using an available connection from the pool (formerly list_DBT_DATABASE_DBT_SCHEMA_DBT_SCHEMA, now model.dbt_snowflake_demo.stg_customers)
[0m13:06:31.679159 [debug] [Thread-3 (]: Acquiring new snowflake connection 'model.dbt_snowflake_demo.stg_orders'
[0m13:06:31.679968 [debug] [Thread-2 (]: Began compiling node model.dbt_snowflake_demo.stg_customers
[0m13:06:31.680702 [debug] [Thread-3 (]: Began compiling node model.dbt_snowflake_demo.stg_orders
[0m13:06:31.700004 [debug] [Thread-2 (]: Writing injected SQL for node "model.dbt_snowflake_demo.stg_customers"
[0m13:06:31.711480 [debug] [Thread-3 (]: Writing injected SQL for node "model.dbt_snowflake_demo.stg_orders"
[0m13:06:31.713350 [debug] [Thread-2 (]: Began executing node model.dbt_snowflake_demo.stg_customers
[0m13:06:31.714139 [debug] [Thread-3 (]: Began executing node model.dbt_snowflake_demo.stg_orders
[0m13:06:31.715369 [debug] [Thread-2 (]: Finished running node model.dbt_snowflake_demo.stg_customers
[0m13:06:31.716559 [debug] [Thread-3 (]: Finished running node model.dbt_snowflake_demo.stg_orders
[0m13:06:31.718832 [debug] [Thread-5 (]: Began running node test.dbt_snowflake_demo.not_null_stg_customers_customer_id.e2cfb1f9aa
[0m13:06:31.719861 [debug] [Thread-6 (]: Began running node test.dbt_snowflake_demo.unique_stg_customers_customer_id.c7614daada
[0m13:06:31.721745 [debug] [Thread-8 (]: Began running node model.dbt_snowflake_demo.customer_order_summary
[0m13:06:31.722719 [debug] [Thread-9 (]: Began running node test.dbt_snowflake_demo.not_null_stg_orders_order_id.81cfe2fe64
[0m13:06:31.723671 [debug] [Thread-5 (]: Acquiring new snowflake connection 'test.dbt_snowflake_demo.not_null_stg_customers_customer_id.e2cfb1f9aa'
[0m13:06:31.724572 [debug] [Thread-4 (]: Began running node test.dbt_snowflake_demo.unique_stg_orders_order_id.e3b841c71a
[0m13:06:31.725608 [debug] [Thread-6 (]: Acquiring new snowflake connection 'test.dbt_snowflake_demo.unique_stg_customers_customer_id.c7614daada'
[0m13:06:31.726511 [debug] [Thread-8 (]: Acquiring new snowflake connection 'model.dbt_snowflake_demo.customer_order_summary'
[0m13:06:31.727395 [debug] [Thread-9 (]: Acquiring new snowflake connection 'test.dbt_snowflake_demo.not_null_stg_orders_order_id.81cfe2fe64'
[0m13:06:31.728211 [debug] [Thread-5 (]: Began compiling node test.dbt_snowflake_demo.not_null_stg_customers_customer_id.e2cfb1f9aa
[0m13:06:31.729194 [debug] [Thread-4 (]: Acquiring new snowflake connection 'test.dbt_snowflake_demo.unique_stg_orders_order_id.e3b841c71a'
[0m13:06:31.729927 [debug] [Thread-6 (]: Began compiling node test.dbt_snowflake_demo.unique_stg_customers_customer_id.c7614daada
[0m13:06:31.730638 [debug] [Thread-8 (]: Began compiling node model.dbt_snowflake_demo.customer_order_summary
[0m13:06:31.731327 [debug] [Thread-9 (]: Began compiling node test.dbt_snowflake_demo.not_null_stg_orders_order_id.81cfe2fe64
[0m13:06:31.757227 [debug] [Thread-5 (]: Writing injected SQL for node "test.dbt_snowflake_demo.not_null_stg_customers_customer_id.e2cfb1f9aa"
[0m13:06:31.758067 [debug] [Thread-4 (]: Began compiling node test.dbt_snowflake_demo.unique_stg_orders_order_id.e3b841c71a
[0m13:06:31.775009 [debug] [Thread-6 (]: Writing injected SQL for node "test.dbt_snowflake_demo.unique_stg_customers_customer_id.c7614daada"
[0m13:06:31.787234 [debug] [Thread-8 (]: Writing injected SQL for node "model.dbt_snowflake_demo.customer_order_summary"
[0m13:06:31.802795 [debug] [Thread-9 (]: Writing injected SQL for node "test.dbt_snowflake_demo.not_null_stg_orders_order_id.81cfe2fe64"
[0m13:06:31.816773 [debug] [Thread-4 (]: Writing injected SQL for node "test.dbt_snowflake_demo.unique_stg_orders_order_id.e3b841c71a"
[0m13:06:31.817690 [debug] [Thread-5 (]: Began executing node test.dbt_snowflake_demo.not_null_stg_customers_customer_id.e2cfb1f9aa
[0m13:06:31.818924 [debug] [Thread-6 (]: Began executing node test.dbt_snowflake_demo.unique_stg_customers_customer_id.c7614daada
[0m13:06:31.820375 [debug] [Thread-8 (]: Began executing node model.dbt_snowflake_demo.customer_order_summary
[0m13:06:31.821281 [debug] [Thread-9 (]: Began executing node test.dbt_snowflake_demo.not_null_stg_orders_order_id.81cfe2fe64
[0m13:06:31.822607 [debug] [Thread-5 (]: Finished running node test.dbt_snowflake_demo.not_null_stg_customers_customer_id.e2cfb1f9aa
[0m13:06:31.823272 [debug] [Thread-4 (]: Began executing node test.dbt_snowflake_demo.unique_stg_orders_order_id.e3b841c71a
[0m13:06:31.824460 [debug] [Thread-6 (]: Finished running node test.dbt_snowflake_demo.unique_stg_customers_customer_id.c7614daada
[0m13:06:31.825708 [debug] [Thread-8 (]: Finished running node model.dbt_snowflake_demo.customer_order_summary
[0m13:06:31.826862 [debug] [Thread-9 (]: Finished running node test.dbt_snowflake_demo.not_null_stg_orders_order_id.81cfe2fe64
[0m13:06:31.828914 [debug] [Thread-4 (]: Finished running node test.dbt_snowflake_demo.unique_stg_orders_order_id.e3b841c71a
[0m13:06:31.831532 [debug] [Thread-7 (]: Began running node model.dbt_snowflake_demo.customer_order_summary_view
[0m13:06:31.832458 [debug] [Thread-3 (]: Began running node test.dbt_snowflake_demo.not_null_customer_order_summary_customer_id.84627336c6
[0m13:06:31.833743 [debug] [Thread-9 (]: Began running node test.dbt_snowflake_demo.unique_customer_order_summary_customer_id.6c9aa45ad4
[0m13:06:31.835363 [debug] [Thread-7 (]: Acquiring new snowflake connection 'model.dbt_snowflake_demo.customer_order_summary_view'
[0m13:06:31.836243 [debug] [Thread-3 (]: Re-using an available connection from the pool (formerly model.dbt_snowflake_demo.stg_orders, now test.dbt_snowflake_demo.not_null_customer_order_summary_customer_id.84627336c6)
[0m13:06:31.837055 [debug] [Thread-9 (]: Re-using an available connection from the pool (formerly test.dbt_snowflake_demo.not_null_stg_orders_order_id.81cfe2fe64, now test.dbt_snowflake_demo.unique_customer_order_summary_customer_id.6c9aa45ad4)
[0m13:06:31.837806 [debug] [Thread-7 (]: Began compiling node model.dbt_snowflake_demo.customer_order_summary_view
[0m13:06:31.838580 [debug] [Thread-3 (]: Began compiling node test.dbt_snowflake_demo.not_null_customer_order_summary_customer_id.84627336c6
[0m13:06:31.839337 [debug] [Thread-9 (]: Began compiling node test.dbt_snowflake_demo.unique_customer_order_summary_customer_id.6c9aa45ad4
[0m13:06:31.857914 [debug] [Thread-7 (]: Writing injected SQL for node "model.dbt_snowflake_demo.customer_order_summary_view"
[0m13:06:31.871439 [debug] [Thread-3 (]: Writing injected SQL for node "test.dbt_snowflake_demo.not_null_customer_order_summary_customer_id.84627336c6"
[0m13:06:31.886091 [debug] [Thread-9 (]: Writing injected SQL for node "test.dbt_snowflake_demo.unique_customer_order_summary_customer_id.6c9aa45ad4"
[0m13:06:31.887533 [debug] [Thread-7 (]: Began executing node model.dbt_snowflake_demo.customer_order_summary_view
[0m13:06:31.888627 [debug] [Thread-3 (]: Began executing node test.dbt_snowflake_demo.not_null_customer_order_summary_customer_id.84627336c6
[0m13:06:31.889973 [debug] [Thread-7 (]: Finished running node model.dbt_snowflake_demo.customer_order_summary_view
[0m13:06:31.890770 [debug] [Thread-9 (]: Began executing node test.dbt_snowflake_demo.unique_customer_order_summary_customer_id.6c9aa45ad4
[0m13:06:31.894714 [debug] [Thread-6 (]: Began running node test.dbt_snowflake_demo.unique_customer_order_summary_view_customer_id.fd8dd3f765
[0m13:06:31.893850 [debug] [Thread-5 (]: Began running node test.dbt_snowflake_demo.not_null_customer_order_summary_view_customer_id.d5ed73a5df
[0m13:06:31.891936 [debug] [Thread-3 (]: Finished running node test.dbt_snowflake_demo.not_null_customer_order_summary_customer_id.84627336c6
[0m13:06:31.895889 [debug] [Thread-9 (]: Finished running node test.dbt_snowflake_demo.unique_customer_order_summary_customer_id.6c9aa45ad4
[0m13:06:31.896836 [debug] [Thread-6 (]: Re-using an available connection from the pool (formerly test.dbt_snowflake_demo.unique_stg_customers_customer_id.c7614daada, now test.dbt_snowflake_demo.unique_customer_order_summary_view_customer_id.fd8dd3f765)
[0m13:06:31.897723 [debug] [Thread-5 (]: Re-using an available connection from the pool (formerly test.dbt_snowflake_demo.not_null_stg_customers_customer_id.e2cfb1f9aa, now test.dbt_snowflake_demo.not_null_customer_order_summary_view_customer_id.d5ed73a5df)
[0m13:06:31.899734 [debug] [Thread-6 (]: Began compiling node test.dbt_snowflake_demo.unique_customer_order_summary_view_customer_id.fd8dd3f765
[0m13:06:31.900566 [debug] [Thread-5 (]: Began compiling node test.dbt_snowflake_demo.not_null_customer_order_summary_view_customer_id.d5ed73a5df
[0m13:06:31.914444 [debug] [Thread-6 (]: Writing injected SQL for node "test.dbt_snowflake_demo.unique_customer_order_summary_view_customer_id.fd8dd3f765"
[0m13:06:31.928462 [debug] [Thread-5 (]: Writing injected SQL for node "test.dbt_snowflake_demo.not_null_customer_order_summary_view_customer_id.d5ed73a5df"
[0m13:06:31.929848 [debug] [Thread-6 (]: Began executing node test.dbt_snowflake_demo.unique_customer_order_summary_view_customer_id.fd8dd3f765
[0m13:06:31.931274 [debug] [Thread-6 (]: Finished running node test.dbt_snowflake_demo.unique_customer_order_summary_view_customer_id.fd8dd3f765
[0m13:06:31.932026 [debug] [Thread-5 (]: Began executing node test.dbt_snowflake_demo.not_null_customer_order_summary_view_customer_id.d5ed73a5df
[0m13:06:31.933778 [debug] [Thread-5 (]: Finished running node test.dbt_snowflake_demo.not_null_customer_order_summary_view_customer_id.d5ed73a5df
[0m13:06:31.938338 [debug] [Dummy-1   ]: Connection 'master' was properly closed.
[0m13:06:31.939193 [debug] [Dummy-1   ]: Connection 'model.dbt_snowflake_demo.stg_customers' was properly closed.
[0m13:06:31.939835 [debug] [Dummy-1   ]: Connection 'test.dbt_snowflake_demo.not_null_customer_order_summary_customer_id.84627336c6' was properly closed.
[0m13:06:31.940437 [debug] [Dummy-1   ]: Connection 'test.dbt_snowflake_demo.not_null_customer_order_summary_view_customer_id.d5ed73a5df' was properly closed.
[0m13:06:31.941053 [debug] [Dummy-1   ]: Connection 'test.dbt_snowflake_demo.unique_customer_order_summary_view_customer_id.fd8dd3f765' was properly closed.
[0m13:06:31.941680 [debug] [Dummy-1   ]: Connection 'model.dbt_snowflake_demo.customer_order_summary' was properly closed.
[0m13:06:31.942280 [debug] [Dummy-1   ]: Connection 'test.dbt_snowflake_demo.unique_customer_order_summary_customer_id.6c9aa45ad4' was properly closed.
[0m13:06:31.942846 [debug] [Dummy-1   ]: Connection 'test.dbt_snowflake_demo.unique_stg_orders_order_id.e3b841c71a' was properly closed.
[0m13:06:31.943399 [debug] [Dummy-1   ]: Connection 'model.dbt_snowflake_demo.customer_order_summary_view' was properly closed.
[0m13:06:31.946269 [debug] [Dummy-1   ]: Command end result
[0m13:06:31.979938 [debug] [Dummy-1   ]: Wrote artifact WritableManifest to /tmp/dbt/target/manifest.json
[0m13:06:31.982632 [debug] [Dummy-1   ]: Wrote artifact SemanticManifest to /tmp/dbt/target/semantic_manifest.json
[0m13:06:31.992472 [debug] [Dummy-1   ]: Wrote artifact RunExecutionResult to /tmp/dbt/target/run_results.json
[0m13:06:31.994682 [debug] [Dummy-1   ]: Resource report: {"command_name": "compile", "command_success": true, "command_wall_clock_time": 4.047406, "process_in_blocks": "0", "process_kernel_time": 1.32, "process_mem_max_rss": "529192", "process_out_blocks": "0", "process_user_time": 6.91}
[0m13:06:31.995552 [debug] [Dummy-1   ]: Command `cli compile` succeeded at 13:06:31.995151 after 4.05 seconds
[0m13:06:31.996241 [debug] [Dummy-1   ]: Flushing usage events


============================== 13:07:12.979289 | ea7ede26-8e79-4d5b-a186-d58d403dff8f ==============================
[0m13:07:12.979289 [info ] [Dummy-1   ]: Running with dbt=1.9.4
[0m13:07:12.980477 [debug] [Dummy-1   ]: running dbt with arguments {'printer_width': '80', 'indirect_selection': 'eager', 'log_cache_events': 'False', 'write_json': 'True', 'partial_parse': 'True', 'cache_selected_only': 'False', 'profiles_dir': '/tmp/dbt/', 'debug': 'False', 'warn_error': 'None', 'log_path': '/tmp/dbt/logs', 'fail_fast': 'False', 'version_check': 'True', 'use_colors': 'True', 'use_experimental_parser': 'False', 'no_print': 'None', 'quiet': 'False', 'empty': 'False', 'log_format': 'default', 'invocation_command': 'dbt ', 'introspect': 'True', 'static_parser': 'True', 'target_path': '/tmp/dbt/target/', 'warn_error_options': 'WarnErrorOptions(include=[], exclude=[])', 'send_anonymous_usage_stats': 'False'}
[0m13:07:13.050677 [error] [Dummy-1   ]:  adapter: Invalid profile: 'user' is a required property.
[0m13:07:13.342096 [info ] [Dummy-1   ]: Registered adapter: snowflake=1.9.2
[0m13:07:13.394068 [debug] [Dummy-1   ]: checksum: 53ed91fada2233efb98368d1716b44ab532c83a9c293cf1890b7905d5b45fb25, vars: {}, profile: , target: dev, version: 1.9.4
[0m13:07:13.758476 [debug] [Dummy-1   ]: Partial parsing enabled: 0 files deleted, 0 files added, 0 files changed.
[0m13:07:13.759255 [debug] [Dummy-1   ]: Partial parsing enabled, no changes found, skipping parsing
[0m13:07:13.954247 [debug] [Dummy-1   ]: Wrote artifact WritableManifest to /tmp/dbt/target/manifest.json
[0m13:07:13.957154 [debug] [Dummy-1   ]: Wrote artifact SemanticManifest to /tmp/dbt/target/semantic_manifest.json
[0m13:07:14.009373 [info ] [Dummy-1   ]: Found 4 models, 8 data tests, 2 sources, 474 macros
[0m13:07:14.012274 [info ] [Dummy-1   ]: 
[0m13:07:14.012999 [info ] [Dummy-1   ]: Concurrency: 8 threads (target='dev')
[0m13:07:14.013594 [info ] [Dummy-1   ]: 
[0m13:07:14.014540 [debug] [Dummy-1   ]: Acquiring new snowflake connection 'master'
[0m13:07:14.022245 [debug] [ThreadPool]: Acquiring new snowflake connection 'list_DBT_DATABASE'
[0m13:07:14.136410 [debug] [ThreadPool]: Using snowflake connection "list_DBT_DATABASE"
[0m13:07:14.137204 [debug] [ThreadPool]: On list_DBT_DATABASE: /* {"app": "dbt", "dbt_version": "1.9.4", "profile_name": "dbt_snowflake_demo", "target_name": "dev", "connection_name": "list_DBT_DATABASE"} */
show terse schemas in database DBT_DATABASE
    limit 10000
[0m13:07:14.137838 [debug] [ThreadPool]: Opening a new connection, currently in state init
[0m13:07:15.668153 [debug] [ThreadPool]: SQL status: SUCCESS 3 in 1.530 seconds
[0m13:07:15.671287 [debug] [ThreadPool]: Re-using an available connection from the pool (formerly list_DBT_DATABASE, now create_DBT_DATABASE_DBT_SCHEMA_DBT_SCHEMA)
[0m13:07:15.672211 [debug] [ThreadPool]: Creating schema "database: "DBT_DATABASE"
schema: "DBT_SCHEMA_DBT_SCHEMA"
"
[0m13:07:15.686995 [debug] [ThreadPool]: Using snowflake connection "create_DBT_DATABASE_DBT_SCHEMA_DBT_SCHEMA"
[0m13:07:15.687763 [debug] [ThreadPool]: On create_DBT_DATABASE_DBT_SCHEMA_DBT_SCHEMA: /* {"app": "dbt", "dbt_version": "1.9.4", "profile_name": "dbt_snowflake_demo", "target_name": "dev", "connection_name": "create_DBT_DATABASE_DBT_SCHEMA_DBT_SCHEMA"} */
create schema if not exists DBT_DATABASE.DBT_SCHEMA_DBT_SCHEMA
[0m13:07:15.688380 [debug] [ThreadPool]: Opening a new connection, currently in state init
[0m13:07:17.170776 [debug] [ThreadPool]: SQL status: SUCCESS 1 in 1.482 seconds
[0m13:07:17.174591 [debug] [ThreadPool]: Acquiring new snowflake connection 'list_DBT_DATABASE_DBT_SCHEMA_DBT_SCHEMA'
[0m13:07:17.197263 [debug] [ThreadPool]: Using snowflake connection "list_DBT_DATABASE_DBT_SCHEMA_DBT_SCHEMA"
[0m13:07:17.198001 [debug] [ThreadPool]: On list_DBT_DATABASE_DBT_SCHEMA_DBT_SCHEMA: /* {"app": "dbt", "dbt_version": "1.9.4", "profile_name": "dbt_snowflake_demo", "target_name": "dev", "connection_name": "list_DBT_DATABASE_DBT_SCHEMA_DBT_SCHEMA"} */
alter session set quoted_identifiers_ignore_case = false;
[0m13:07:17.198683 [debug] [ThreadPool]: Opening a new connection, currently in state init
[0m13:07:18.490257 [debug] [ThreadPool]: SQL status: SUCCESS 1 in 1.291 seconds
[0m13:07:18.496308 [debug] [ThreadPool]: Using snowflake connection "list_DBT_DATABASE_DBT_SCHEMA_DBT_SCHEMA"
[0m13:07:18.497055 [debug] [ThreadPool]: On list_DBT_DATABASE_DBT_SCHEMA_DBT_SCHEMA: /* {"app": "dbt", "dbt_version": "1.9.4", "profile_name": "dbt_snowflake_demo", "target_name": "dev", "connection_name": "list_DBT_DATABASE_DBT_SCHEMA_DBT_SCHEMA"} */
show objects in DBT_DATABASE.DBT_SCHEMA_DBT_SCHEMA
    limit 10000
    
;
[0m13:07:18.726143 [debug] [ThreadPool]: SQL status: SUCCESS 0 in 0.228 seconds
[0m13:07:18.728859 [debug] [ThreadPool]: Using snowflake connection "list_DBT_DATABASE_DBT_SCHEMA_DBT_SCHEMA"
[0m13:07:18.729572 [debug] [ThreadPool]: On list_DBT_DATABASE_DBT_SCHEMA_DBT_SCHEMA: /* {"app": "dbt", "dbt_version": "1.9.4", "profile_name": "dbt_snowflake_demo", "target_name": "dev", "connection_name": "list_DBT_DATABASE_DBT_SCHEMA_DBT_SCHEMA"} */
alter session unset quoted_identifiers_ignore_case;
[0m13:07:18.935322 [debug] [ThreadPool]: SQL status: SUCCESS 1 in 0.205 seconds
[0m13:07:18.950680 [debug] [Thread-2 (]: Began running node model.dbt_snowflake_demo.stg_customers
[0m13:07:18.951694 [debug] [Thread-3 (]: Began running node model.dbt_snowflake_demo.stg_orders
[0m13:07:18.952775 [info ] [Thread-2 (]: 1 of 4 START sql view model DBT_SCHEMA_DBT_SCHEMA.stg_customers ................ [RUN]
[0m13:07:18.953789 [info ] [Thread-3 (]: 2 of 4 START sql view model DBT_SCHEMA_DBT_SCHEMA.stg_orders ................... [RUN]
[0m13:07:18.954698 [debug] [Thread-2 (]: Re-using an available connection from the pool (formerly list_DBT_DATABASE_DBT_SCHEMA_DBT_SCHEMA, now model.dbt_snowflake_demo.stg_customers)
[0m13:07:18.955530 [debug] [Thread-3 (]: Re-using an available connection from the pool (formerly create_DBT_DATABASE_DBT_SCHEMA_DBT_SCHEMA, now model.dbt_snowflake_demo.stg_orders)
[0m13:07:18.956282 [debug] [Thread-2 (]: Began compiling node model.dbt_snowflake_demo.stg_customers
[0m13:07:18.957059 [debug] [Thread-3 (]: Began compiling node model.dbt_snowflake_demo.stg_orders
[0m13:07:18.976167 [debug] [Thread-2 (]: Writing injected SQL for node "model.dbt_snowflake_demo.stg_customers"
[0m13:07:18.987860 [debug] [Thread-3 (]: Writing injected SQL for node "model.dbt_snowflake_demo.stg_orders"
[0m13:07:18.989411 [debug] [Thread-2 (]: Began executing node model.dbt_snowflake_demo.stg_customers
[0m13:07:18.995977 [debug] [Thread-3 (]: Began executing node model.dbt_snowflake_demo.stg_orders
[0m13:07:19.085792 [debug] [Thread-2 (]: Writing runtime sql for node "model.dbt_snowflake_demo.stg_customers"
[0m13:07:19.086922 [debug] [Thread-3 (]: Writing runtime sql for node "model.dbt_snowflake_demo.stg_orders"
[0m13:07:19.089076 [debug] [Thread-3 (]: Using snowflake connection "model.dbt_snowflake_demo.stg_orders"
[0m13:07:19.090271 [debug] [Thread-2 (]: Using snowflake connection "model.dbt_snowflake_demo.stg_customers"
[0m13:07:19.091070 [debug] [Thread-3 (]: On model.dbt_snowflake_demo.stg_orders: /* {"app": "dbt", "dbt_version": "1.9.4", "profile_name": "dbt_snowflake_demo", "target_name": "dev", "node_id": "model.dbt_snowflake_demo.stg_orders"} */
create or replace   view DBT_DATABASE.DBT_SCHEMA_DBT_SCHEMA.stg_orders
  
   as (
    select
    order_id,
    customer_id,
    order_date,
    order_amount,
    order_status
from DBT_DATABASE.DBT_SCHEMA.ORDERS
  );
[0m13:07:19.091857 [debug] [Thread-2 (]: On model.dbt_snowflake_demo.stg_customers: /* {"app": "dbt", "dbt_version": "1.9.4", "profile_name": "dbt_snowflake_demo", "target_name": "dev", "node_id": "model.dbt_snowflake_demo.stg_customers"} */
create or replace   view DBT_DATABASE.DBT_SCHEMA_DBT_SCHEMA.stg_customers
  
   as (
    select
    customer_id,
    customer_name,
    customer_segment,
    signup_date
from DBT_DATABASE.DBT_SCHEMA.CUSTOMERS
  );
[0m13:07:19.092647 [debug] [Thread-3 (]: Opening a new connection, currently in state init
[0m13:07:19.093412 [debug] [Thread-2 (]: Opening a new connection, currently in state init
[0m13:07:21.050729 [debug] [Thread-3 (]: SQL status: SUCCESS 1 in 1.958 seconds
[0m13:07:21.082944 [info ] [Thread-3 (]: 2 of 4 OK created sql view model DBT_SCHEMA_DBT_SCHEMA.stg_orders .............. [[32mSUCCESS 1[0m in 2.13s]
[0m13:07:21.084078 [debug] [Thread-3 (]: Finished running node model.dbt_snowflake_demo.stg_orders
[0m13:07:21.098171 [debug] [Thread-2 (]: SQL status: SUCCESS 1 in 2.005 seconds
[0m13:07:21.102224 [info ] [Thread-2 (]: 1 of 4 OK created sql view model DBT_SCHEMA_DBT_SCHEMA.stg_customers ........... [[32mSUCCESS 1[0m in 2.15s]
[0m13:07:21.103336 [debug] [Thread-2 (]: Finished running node model.dbt_snowflake_demo.stg_customers
[0m13:07:21.105361 [debug] [Thread-5 (]: Began running node model.dbt_snowflake_demo.customer_order_summary
[0m13:07:21.106782 [info ] [Thread-5 (]: 3 of 4 START sql table model DBT_SCHEMA_DBT_SCHEMA.customer_order_summary ...... [RUN]
[0m13:07:21.107846 [debug] [Thread-5 (]: Acquiring new snowflake connection 'model.dbt_snowflake_demo.customer_order_summary'
[0m13:07:21.108637 [debug] [Thread-5 (]: Began compiling node model.dbt_snowflake_demo.customer_order_summary
[0m13:07:21.122581 [debug] [Thread-5 (]: Writing injected SQL for node "model.dbt_snowflake_demo.customer_order_summary"
[0m13:07:21.123665 [debug] [Thread-5 (]: Began executing node model.dbt_snowflake_demo.customer_order_summary
[0m13:07:21.163971 [debug] [Thread-5 (]: Writing runtime sql for node "model.dbt_snowflake_demo.customer_order_summary"
[0m13:07:21.166444 [debug] [Thread-5 (]: Using snowflake connection "model.dbt_snowflake_demo.customer_order_summary"
[0m13:07:21.167310 [debug] [Thread-5 (]: On model.dbt_snowflake_demo.customer_order_summary: /* {"app": "dbt", "dbt_version": "1.9.4", "profile_name": "dbt_snowflake_demo", "target_name": "dev", "node_id": "model.dbt_snowflake_demo.customer_order_summary"} */
create or replace transient table DBT_DATABASE.DBT_SCHEMA_DBT_SCHEMA.customer_order_summary
         as
        (

select
    customers.customer_id,
    customers.customer_name,
    customers.customer_segment,
    customers.signup_date,
    count(orders.order_id) as total_orders,
    coalesce(sum(orders.order_amount), 0) as total_order_amount,
    coalesce(avg(orders.order_amount), 0) as average_order_amount,
    max(orders.order_date) as most_recent_order_date
from DBT_DATABASE.DBT_SCHEMA_DBT_SCHEMA.stg_customers as customers
left join DBT_DATABASE.DBT_SCHEMA_DBT_SCHEMA.stg_orders as orders
    on customers.customer_id = orders.customer_id
group by
    customers.customer_id,
    customers.customer_name,
    customers.customer_segment,
    customers.signup_date
        );
[0m13:07:21.168067 [debug] [Thread-5 (]: Opening a new connection, currently in state init
[0m13:07:25.307661 [debug] [Thread-5 (]: SQL status: SUCCESS 1 in 4.139 seconds
[0m13:07:25.311625 [info ] [Thread-5 (]: 3 of 4 OK created sql table model DBT_SCHEMA_DBT_SCHEMA.customer_order_summary . [[32mSUCCESS 1[0m in 4.20s]
[0m13:07:25.312708 [debug] [Thread-5 (]: Finished running node model.dbt_snowflake_demo.customer_order_summary
[0m13:07:25.314808 [debug] [Thread-7 (]: Began running node model.dbt_snowflake_demo.customer_order_summary_view
[0m13:07:25.316233 [info ] [Thread-7 (]: 4 of 4 START sql view model DBT_SCHEMA_DBT_SCHEMA.customer_order_summary_view .. [RUN]
[0m13:07:25.317282 [debug] [Thread-7 (]: Acquiring new snowflake connection 'model.dbt_snowflake_demo.customer_order_summary_view'
[0m13:07:25.318016 [debug] [Thread-7 (]: Began compiling node model.dbt_snowflake_demo.customer_order_summary_view
[0m13:07:25.331679 [debug] [Thread-7 (]: Writing injected SQL for node "model.dbt_snowflake_demo.customer_order_summary_view"
[0m13:07:25.332708 [debug] [Thread-7 (]: Began executing node model.dbt_snowflake_demo.customer_order_summary_view
[0m13:07:25.344080 [debug] [Thread-7 (]: Writing runtime sql for node "model.dbt_snowflake_demo.customer_order_summary_view"
[0m13:07:25.346039 [debug] [Thread-7 (]: Using snowflake connection "model.dbt_snowflake_demo.customer_order_summary_view"
[0m13:07:25.346894 [debug] [Thread-7 (]: On model.dbt_snowflake_demo.customer_order_summary_view: /* {"app": "dbt", "dbt_version": "1.9.4", "profile_name": "dbt_snowflake_demo", "target_name": "dev", "node_id": "model.dbt_snowflake_demo.customer_order_summary_view"} */
create or replace   view DBT_DATABASE.DBT_SCHEMA_DBT_SCHEMA.customer_order_summary_view
  
   as (
    

select
    customer_id,
    customer_name,
    customer_segment,
    signup_date,
    total_orders,
    total_order_amount,
    average_order_amount,
    most_recent_order_date,
    case
        when total_order_amount >= 500 then 'high_value'
        when total_order_amount >= 100 then 'standard'
        else 'new_or_low_value'
    end as customer_value_band
from DBT_DATABASE.DBT_SCHEMA_DBT_SCHEMA.customer_order_summary
  );
[0m13:07:25.347626 [debug] [Thread-7 (]: Opening a new connection, currently in state init
[0m13:07:27.460782 [debug] [Thread-7 (]: SQL status: SUCCESS 1 in 2.113 seconds
[0m13:07:27.464767 [info ] [Thread-7 (]: 4 of 4 OK created sql view model DBT_SCHEMA_DBT_SCHEMA.customer_order_summary_view  [[32mSUCCESS 1[0m in 2.15s]
[0m13:07:27.465930 [debug] [Thread-7 (]: Finished running node model.dbt_snowflake_demo.customer_order_summary_view
[0m13:07:27.470658 [debug] [Dummy-1   ]: Connection 'master' was properly closed.
[0m13:07:27.471569 [debug] [Dummy-1   ]: Connection 'model.dbt_snowflake_demo.stg_orders' was properly closed.
[0m13:07:27.472174 [debug] [Dummy-1   ]: Connection 'model.dbt_snowflake_demo.stg_customers' was properly closed.
[0m13:07:27.472745 [debug] [Dummy-1   ]: Connection 'model.dbt_snowflake_demo.customer_order_summary' was properly closed.
[0m13:07:27.473349 [debug] [Dummy-1   ]: Connection 'model.dbt_snowflake_demo.customer_order_summary_view' was properly closed.
[0m13:07:27.474154 [info ] [Dummy-1   ]: 
[0m13:07:27.474805 [info ] [Dummy-1   ]: Finished running 1 table model, 3 view models in 0 hours 0 minutes and 13.46 seconds (13.46s).
[0m13:07:27.476442 [debug] [Dummy-1   ]: Command end result
[0m13:07:27.509756 [debug] [Dummy-1   ]: Wrote artifact WritableManifest to /tmp/dbt/target/manifest.json
[0m13:07:27.512323 [debug] [Dummy-1   ]: Wrote artifact SemanticManifest to /tmp/dbt/target/semantic_manifest.json
[0m13:07:27.520634 [debug] [Dummy-1   ]: Wrote artifact RunExecutionResult to /tmp/dbt/target/run_results.json
[0m13:07:27.521339 [info ] [Dummy-1   ]: 
[0m13:07:27.522124 [info ] [Dummy-1   ]: [32mCompleted successfully[0m
[0m13:07:27.522727 [info ] [Dummy-1   ]: 
[0m13:07:27.523368 [info ] [Dummy-1   ]: Done. PASS=4 WARN=0 ERROR=0 SKIP=0 TOTAL=4
[0m13:07:27.525415 [debug] [Dummy-1   ]: Resource report: {"command_name": "run", "command_success": true, "command_wall_clock_time": 14.644066, "process_in_blocks": "0", "process_kernel_time": 1.21, "process_mem_max_rss": "475320", "process_out_blocks": "0", "process_user_time": 5.35}
[0m13:07:27.526213 [debug] [Dummy-1   ]: Command `cli run` succeeded at 13:07:27.525845 after 14.65 seconds
[0m13:07:27.526875 [debug] [Dummy-1   ]: Flushing usage events


============================== 16:56:59.139829 | bd656064-e39f-49a7-a252-a5d2308d111d ==============================
[0m16:56:59.139829 [info ] [Dummy-1   ]: Running with dbt=1.9.4
[0m16:56:59.140896 [debug] [Dummy-1   ]: running dbt with arguments {'printer_width': '80', 'indirect_selection': 'eager', 'log_cache_events': 'False', 'write_json': 'True', 'partial_parse': 'True', 'cache_selected_only': 'False', 'warn_error': 'None', 'version_check': 'True', 'fail_fast': 'False', 'log_path': '/tmp/dbt/logs', 'debug': 'False', 'profiles_dir': '/tmp/dbt/', 'use_colors': 'True', 'use_experimental_parser': 'False', 'no_print': 'None', 'quiet': 'False', 'empty': 'None', 'warn_error_options': 'WarnErrorOptions(include=[], exclude=[])', 'static_parser': 'True', 'invocation_command': 'dbt ', 'log_format': 'default', 'target_path': 'None', 'introspect': 'True', 'send_anonymous_usage_stats': 'False'}
[0m16:56:59.364023 [info ] [Dummy-1   ]: Warning: No packages were found in packages.yml
[0m16:56:59.365181 [info ] [Dummy-1   ]: Warning: No packages were found in packages.yml
[0m16:56:59.367052 [debug] [Dummy-1   ]: Resource report: {"command_name": "deps", "command_success": true, "command_wall_clock_time": 0.32148862, "process_in_blocks": "0", "process_kernel_time": 0.99, "process_mem_max_rss": "396060", "process_out_blocks": "0", "process_user_time": 3.95}
[0m16:56:59.367842 [debug] [Dummy-1   ]: Command `cli deps` succeeded at 16:56:59.367475 after 0.32 seconds
[0m16:56:59.368547 [debug] [Dummy-1   ]: Flushing usage events


============================== 16:58:50.622284 | 4bb1a5ee-e02c-447e-84fa-e519b56f875e ==============================
[0m16:58:50.622284 [info ] [Dummy-1   ]: Running with dbt=1.9.4
[0m16:58:50.623477 [debug] [Dummy-1   ]: running dbt with arguments {'printer_width': '80', 'indirect_selection': 'eager', 'log_cache_events': 'False', 'write_json': 'True', 'partial_parse': 'True', 'cache_selected_only': 'False', 'warn_error': 'None', 'fail_fast': 'False', 'version_check': 'True', 'log_path': '/tmp/dbt/logs', 'debug': 'False', 'profiles_dir': '/tmp/dbt/', 'use_colors': 'True', 'use_experimental_parser': 'False', 'no_print': 'None', 'quiet': 'False', 'empty': 'None', 'warn_error_options': 'WarnErrorOptions(include=[], exclude=[])', 'introspect': 'True', 'invocation_command': 'dbt ', 'log_format': 'default', 'target_path': 'None', 'static_parser': 'True', 'send_anonymous_usage_stats': 'False'}
[0m16:58:50.875336 [debug] [Dummy-1   ]: Set downloads directory='/tmp/dbt-downloads-4vp2p46w'
[0m16:58:50.876481 [debug] [Dummy-1   ]: Making package index registry request: GET https://hub.getdbt.com/api/v1/index.json
[0m16:58:50.881769 [debug] [Dummy-1   ]: External call exception: HTTPSConnectionPool(host='hub.getdbt.com', port=443): Max retries exceeded with url: /api/v1/index.json (Caused by NewConnectionError('<urllib3.connection.HTTPSConnection object at 0xfb021812af50>: Failed to establish a new connection: [Errno 16] Device or resource busy'))
[0m16:58:50.882485 [debug] [Dummy-1   ]: Retrying external call. Attempt: 0 Max attempts: 5
[0m16:58:51.884172 [debug] [Dummy-1   ]: Making package index registry request: GET https://hub.getdbt.com/api/v1/index.json
[0m16:58:51.886690 [debug] [Dummy-1   ]: External call exception: HTTPSConnectionPool(host='hub.getdbt.com', port=443): Max retries exceeded with url: /api/v1/index.json (Caused by NewConnectionError('<urllib3.connection.HTTPSConnection object at 0xfb021813d1d0>: Failed to establish a new connection: [Errno 16] Device or resource busy'))
[0m16:58:51.887392 [debug] [Dummy-1   ]: Retrying external call. Attempt: 1 Max attempts: 5
[0m16:58:52.889228 [debug] [Dummy-1   ]: Making package index registry request: GET https://hub.getdbt.com/api/v1/index.json
[0m16:58:52.891571 [debug] [Dummy-1   ]: External call exception: HTTPSConnectionPool(host='hub.getdbt.com', port=443): Max retries exceeded with url: /api/v1/index.json (Caused by NewConnectionError('<urllib3.connection.HTTPSConnection object at 0xfb021813f010>: Failed to establish a new connection: [Errno 16] Device or resource busy'))
[0m16:58:52.892227 [debug] [Dummy-1   ]: Retrying external call. Attempt: 2 Max attempts: 5
[0m16:58:53.893361 [debug] [Dummy-1   ]: Making package index registry request: GET https://hub.getdbt.com/api/v1/index.json
[0m16:58:53.895832 [debug] [Dummy-1   ]: External call exception: HTTPSConnectionPool(host='hub.getdbt.com', port=443): Max retries exceeded with url: /api/v1/index.json (Caused by NewConnectionError('<urllib3.connection.HTTPSConnection object at 0xfb0218148ed0>: Failed to establish a new connection: [Errno 16] Device or resource busy'))
[0m16:58:53.896523 [debug] [Dummy-1   ]: Retrying external call. Attempt: 3 Max attempts: 5
[0m16:58:54.898034 [debug] [Dummy-1   ]: Making package index registry request: GET https://hub.getdbt.com/api/v1/index.json
[0m16:58:54.900648 [debug] [Dummy-1   ]: External call exception: HTTPSConnectionPool(host='hub.getdbt.com', port=443): Max retries exceeded with url: /api/v1/index.json (Caused by NewConnectionError('<urllib3.connection.HTTPSConnection object at 0xfb021814ad50>: Failed to establish a new connection: [Errno 16] Device or resource busy'))
[0m16:58:54.901334 [debug] [Dummy-1   ]: Retrying external call. Attempt: 4 Max attempts: 5
[0m16:58:55.903068 [debug] [Dummy-1   ]: Making package index registry request: GET https://hub.getdbt.com/api/v1/index.json
[0m16:58:55.905567 [error] [Dummy-1   ]: Encountered an error:
External connection exception occurred: HTTPSConnectionPool(host='hub.getdbt.com', port=443): Max retries exceeded with url: /api/v1/index.json (Caused by NewConnectionError('<urllib3.connection.HTTPSConnection object at 0xfb0218150c90>: Failed to establish a new connection: [Errno 16] Device or resource busy'))
[0m16:58:55.927621 [error] [Dummy-1   ]: Traceback (most recent call last):
  File "/usr/lib/python_udf/7572a8db11e712fed6beb756e6c14cdfd320d48237f422b7a5b1ae764f1db134/lib/python3.11/site-packages/urllib3/connection.py", line 198, in _new_conn
    sock = connection.create_connection(
           ^^^^^^^^^^^^^^^^^^^^^^^^^^^^^
  File "/usr/lib/python_udf/7572a8db11e712fed6beb756e6c14cdfd320d48237f422b7a5b1ae764f1db134/lib/python3.11/site-packages/urllib3/util/connection.py", line 60, in create_connection
    for res in socket.getaddrinfo(host, port, family, socket.SOCK_STREAM):
               ^^^^^^^^^^^^^^^^^^^^^^^^^^^^^^^^^^^^^^^^^^^^^^^^^^^^^^^^^^
  File "/usr/lib/python_udf/7572a8db11e712fed6beb756e6c14cdfd320d48237f422b7a5b1ae764f1db134/lib/python3.11/socket.py", line 974, in getaddrinfo
    for res in _socket.getaddrinfo(host, port, family, type, proto, flags):
               ^^^^^^^^^^^^^^^^^^^^^^^^^^^^^^^^^^^^^^^^^^^^^^^^^^^^^^^^^^^
OSError: [Errno 16] Device or resource busy

The above exception was the direct cause of the following exception:

Traceback (most recent call last):
  File "/usr/lib/python_udf/7572a8db11e712fed6beb756e6c14cdfd320d48237f422b7a5b1ae764f1db134/lib/python3.11/site-packages/urllib3/connectionpool.py", line 787, in urlopen
    response = self._make_request(
               ^^^^^^^^^^^^^^^^^^^
  File "/usr/lib/python_udf/7572a8db11e712fed6beb756e6c14cdfd320d48237f422b7a5b1ae764f1db134/lib/python3.11/site-packages/urllib3/connectionpool.py", line 488, in _make_request
    raise new_e
  File "/usr/lib/python_udf/7572a8db11e712fed6beb756e6c14cdfd320d48237f422b7a5b1ae764f1db134/lib/python3.11/site-packages/urllib3/connectionpool.py", line 464, in _make_request
    self._validate_conn(conn)
  File "/usr/lib/python_udf/7572a8db11e712fed6beb756e6c14cdfd320d48237f422b7a5b1ae764f1db134/lib/python3.11/site-packages/urllib3/connectionpool.py", line 1093, in _validate_conn
    conn.connect()
  File "/usr/lib/python_udf/7572a8db11e712fed6beb756e6c14cdfd320d48237f422b7a5b1ae764f1db134/lib/python3.11/site-packages/urllib3/connection.py", line 704, in connect
    self.sock = sock = self._new_conn()
                       ^^^^^^^^^^^^^^^^
  File "/usr/lib/python_udf/7572a8db11e712fed6beb756e6c14cdfd320d48237f422b7a5b1ae764f1db134/lib/python3.11/site-packages/urllib3/connection.py", line 213, in _new_conn
    raise NewConnectionError(
urllib3.exceptions.NewConnectionError: <urllib3.connection.HTTPSConnection object at 0xfb021812af50>: Failed to establish a new connection: [Errno 16] Device or resource busy

The above exception was the direct cause of the following exception:

Traceback (most recent call last):
  File "/usr/lib/python_udf/7572a8db11e712fed6beb756e6c14cdfd320d48237f422b7a5b1ae764f1db134/lib/python3.11/site-packages/requests/adapters.py", line 667, in send
    resp = conn.urlopen(
           ^^^^^^^^^^^^^
  File "/usr/lib/python_udf/7572a8db11e712fed6beb756e6c14cdfd320d48237f422b7a5b1ae764f1db134/lib/python3.11/site-packages/urllib3/connectionpool.py", line 841, in urlopen
    retries = retries.increment(
              ^^^^^^^^^^^^^^^^^^
  File "/usr/lib/python_udf/7572a8db11e712fed6beb756e6c14cdfd320d48237f422b7a5b1ae764f1db134/lib/python3.11/site-packages/urllib3/util/retry.py", line 519, in increment
    raise MaxRetryError(_pool, url, reason) from reason  # type: ignore[arg-type]
    ^^^^^^^^^^^^^^^^^^^^^^^^^^^^^^^^^^^^^^^^^^^^^^^^^^^
urllib3.exceptions.MaxRetryError: HTTPSConnectionPool(host='hub.getdbt.com', port=443): Max retries exceeded with url: /api/v1/index.json (Caused by NewConnectionError('<urllib3.connection.HTTPSConnection object at 0xfb021812af50>: Failed to establish a new connection: [Errno 16] Device or resource busy'))

During handling of the above exception, another exception occurred:

Traceback (most recent call last):
  File "/usr/lib/python_udf/7572a8db11e712fed6beb756e6c14cdfd320d48237f422b7a5b1ae764f1db134/lib/python3.11/site-packages/dbt_common/utils/connection.py", line 21, in connection_exception_retry
    return fn()
           ^^^^
  File "/usr/lib/python_udf/7572a8db11e712fed6beb756e6c14cdfd320d48237f422b7a5b1ae764f1db134/lib/python3.11/site-packages/dbt/clients/registry.py", line 168, in _get_index
    resp = requests.get(url, timeout=30)
           ^^^^^^^^^^^^^^^^^^^^^^^^^^^^^
  File "/usr/lib/python_udf/7572a8db11e712fed6beb756e6c14cdfd320d48237f422b7a5b1ae764f1db134/lib/python3.11/site-packages/requests/api.py", line 73, in get
    return request("get", url, params=params, **kwargs)
           ^^^^^^^^^^^^^^^^^^^^^^^^^^^^^^^^^^^^^^^^^^^^
  File "/usr/lib/python_udf/7572a8db11e712fed6beb756e6c14cdfd320d48237f422b7a5b1ae764f1db134/lib/python3.11/site-packages/requests/api.py", line 59, in request
    return session.request(method=method, url=url, **kwargs)
           ^^^^^^^^^^^^^^^^^^^^^^^^^^^^^^^^^^^^^^^^^^^^^^^^^
  File "/usr/lib/python_udf/7572a8db11e712fed6beb756e6c14cdfd320d48237f422b7a5b1ae764f1db134/lib/python3.11/site-packages/requests/sessions.py", line 589, in request
    resp = self.send(prep, **send_kwargs)
           ^^^^^^^^^^^^^^^^^^^^^^^^^^^^^^
  File "/usr/lib/python_udf/7572a8db11e712fed6beb756e6c14cdfd320d48237f422b7a5b1ae764f1db134/lib/python3.11/site-packages/requests/sessions.py", line 703, in send
    r = adapter.send(request, **kwargs)
        ^^^^^^^^^^^^^^^^^^^^^^^^^^^^^^^
  File "/usr/lib/python_udf/7572a8db11e712fed6beb756e6c14cdfd320d48237f422b7a5b1ae764f1db134/lib/python3.11/site-packages/requests/adapters.py", line 700, in send
    raise ConnectionError(e, request=request)
requests.exceptions.ConnectionError: HTTPSConnectionPool(host='hub.getdbt.com', port=443): Max retries exceeded with url: /api/v1/index.json (Caused by NewConnectionError('<urllib3.connection.HTTPSConnection object at 0xfb021812af50>: Failed to establish a new connection: [Errno 16] Device or resource busy'))

During handling of the above exception, another exception occurred:

Traceback (most recent call last):
  File "/usr/lib/python_udf/7572a8db11e712fed6beb756e6c14cdfd320d48237f422b7a5b1ae764f1db134/lib/python3.11/site-packages/urllib3/connection.py", line 198, in _new_conn
    sock = connection.create_connection(
           ^^^^^^^^^^^^^^^^^^^^^^^^^^^^^
  File "/usr/lib/python_udf/7572a8db11e712fed6beb756e6c14cdfd320d48237f422b7a5b1ae764f1db134/lib/python3.11/site-packages/urllib3/util/connection.py", line 60, in create_connection
    for res in socket.getaddrinfo(host, port, family, socket.SOCK_STREAM):
               ^^^^^^^^^^^^^^^^^^^^^^^^^^^^^^^^^^^^^^^^^^^^^^^^^^^^^^^^^^
  File "/usr/lib/python_udf/7572a8db11e712fed6beb756e6c14cdfd320d48237f422b7a5b1ae764f1db134/lib/python3.11/socket.py", line 974, in getaddrinfo
    for res in _socket.getaddrinfo(host, port, family, type, proto, flags):
               ^^^^^^^^^^^^^^^^^^^^^^^^^^^^^^^^^^^^^^^^^^^^^^^^^^^^^^^^^^^
OSError: [Errno 16] Device or resource busy

The above exception was the direct cause of the following exception:

Traceback (most recent call last):
  File "/usr/lib/python_udf/7572a8db11e712fed6beb756e6c14cdfd320d48237f422b7a5b1ae764f1db134/lib/python3.11/site-packages/urllib3/connectionpool.py", line 787, in urlopen
    response = self._make_request(
               ^^^^^^^^^^^^^^^^^^^
  File "/usr/lib/python_udf/7572a8db11e712fed6beb756e6c14cdfd320d48237f422b7a5b1ae764f1db134/lib/python3.11/site-packages/urllib3/connectionpool.py", line 488, in _make_request
    raise new_e
  File "/usr/lib/python_udf/7572a8db11e712fed6beb756e6c14cdfd320d48237f422b7a5b1ae764f1db134/lib/python3.11/site-packages/urllib3/connectionpool.py", line 464, in _make_request
    self._validate_conn(conn)
  File "/usr/lib/python_udf/7572a8db11e712fed6beb756e6c14cdfd320d48237f422b7a5b1ae764f1db134/lib/python3.11/site-packages/urllib3/connectionpool.py", line 1093, in _validate_conn
    conn.connect()
  File "/usr/lib/python_udf/7572a8db11e712fed6beb756e6c14cdfd320d48237f422b7a5b1ae764f1db134/lib/python3.11/site-packages/urllib3/connection.py", line 704, in connect
    self.sock = sock = self._new_conn()
                       ^^^^^^^^^^^^^^^^
  File "/usr/lib/python_udf/7572a8db11e712fed6beb756e6c14cdfd320d48237f422b7a5b1ae764f1db134/lib/python3.11/site-packages/urllib3/connection.py", line 213, in _new_conn
    raise NewConnectionError(
urllib3.exceptions.NewConnectionError: <urllib3.connection.HTTPSConnection object at 0xfb021813d1d0>: Failed to establish a new connection: [Errno 16] Device or resource busy

The above exception was the direct cause of the following exception:

Traceback (most recent call last):
  File "/usr/lib/python_udf/7572a8db11e712fed6beb756e6c14cdfd320d48237f422b7a5b1ae764f1db134/lib/python3.11/site-packages/requests/adapters.py", line 667, in send
    resp = conn.urlopen(
           ^^^^^^^^^^^^^
  File "/usr/lib/python_udf/7572a8db11e712fed6beb756e6c14cdfd320d48237f422b7a5b1ae764f1db134/lib/python3.11/site-packages/urllib3/connectionpool.py", line 841, in urlopen
    retries = retries.increment(
              ^^^^^^^^^^^^^^^^^^
  File "/usr/lib/python_udf/7572a8db11e712fed6beb756e6c14cdfd320d48237f422b7a5b1ae764f1db134/lib/python3.11/site-packages/urllib3/util/retry.py", line 519, in increment
    raise MaxRetryError(_pool, url, reason) from reason  # type: ignore[arg-type]
    ^^^^^^^^^^^^^^^^^^^^^^^^^^^^^^^^^^^^^^^^^^^^^^^^^^^
urllib3.exceptions.MaxRetryError: HTTPSConnectionPool(host='hub.getdbt.com', port=443): Max retries exceeded with url: /api/v1/index.json (Caused by NewConnectionError('<urllib3.connection.HTTPSConnection object at 0xfb021813d1d0>: Failed to establish a new connection: [Errno 16] Device or resource busy'))

During handling of the above exception, another exception occurred:

Traceback (most recent call last):
  File "/usr/lib/python_udf/7572a8db11e712fed6beb756e6c14cdfd320d48237f422b7a5b1ae764f1db134/lib/python3.11/site-packages/dbt_common/utils/connection.py", line 21, in connection_exception_retry
    return fn()
           ^^^^
  File "/usr/lib/python_udf/7572a8db11e712fed6beb756e6c14cdfd320d48237f422b7a5b1ae764f1db134/lib/python3.11/site-packages/dbt/clients/registry.py", line 168, in _get_index
    resp = requests.get(url, timeout=30)
           ^^^^^^^^^^^^^^^^^^^^^^^^^^^^^
  File "/usr/lib/python_udf/7572a8db11e712fed6beb756e6c14cdfd320d48237f422b7a5b1ae764f1db134/lib/python3.11/site-packages/requests/api.py", line 73, in get
    return request("get", url, params=params, **kwargs)
           ^^^^^^^^^^^^^^^^^^^^^^^^^^^^^^^^^^^^^^^^^^^^
  File "/usr/lib/python_udf/7572a8db11e712fed6beb756e6c14cdfd320d48237f422b7a5b1ae764f1db134/lib/python3.11/site-packages/requests/api.py", line 59, in request
    return session.request(method=method, url=url, **kwargs)
           ^^^^^^^^^^^^^^^^^^^^^^^^^^^^^^^^^^^^^^^^^^^^^^^^^
  File "/usr/lib/python_udf/7572a8db11e712fed6beb756e6c14cdfd320d48237f422b7a5b1ae764f1db134/lib/python3.11/site-packages/requests/sessions.py", line 589, in request
    resp = self.send(prep, **send_kwargs)
           ^^^^^^^^^^^^^^^^^^^^^^^^^^^^^^
  File "/usr/lib/python_udf/7572a8db11e712fed6beb756e6c14cdfd320d48237f422b7a5b1ae764f1db134/lib/python3.11/site-packages/requests/sessions.py", line 703, in send
    r = adapter.send(request, **kwargs)
        ^^^^^^^^^^^^^^^^^^^^^^^^^^^^^^^
  File "/usr/lib/python_udf/7572a8db11e712fed6beb756e6c14cdfd320d48237f422b7a5b1ae764f1db134/lib/python3.11/site-packages/requests/adapters.py", line 700, in send
    raise ConnectionError(e, request=request)
requests.exceptions.ConnectionError: HTTPSConnectionPool(host='hub.getdbt.com', port=443): Max retries exceeded with url: /api/v1/index.json (Caused by NewConnectionError('<urllib3.connection.HTTPSConnection object at 0xfb021813d1d0>: Failed to establish a new connection: [Errno 16] Device or resource busy'))

During handling of the above exception, another exception occurred:

Traceback (most recent call last):
  File "/usr/lib/python_udf/7572a8db11e712fed6beb756e6c14cdfd320d48237f422b7a5b1ae764f1db134/lib/python3.11/site-packages/urllib3/connection.py", line 198, in _new_conn
    sock = connection.create_connection(
           ^^^^^^^^^^^^^^^^^^^^^^^^^^^^^
  File "/usr/lib/python_udf/7572a8db11e712fed6beb756e6c14cdfd320d48237f422b7a5b1ae764f1db134/lib/python3.11/site-packages/urllib3/util/connection.py", line 60, in create_connection
    for res in socket.getaddrinfo(host, port, family, socket.SOCK_STREAM):
               ^^^^^^^^^^^^^^^^^^^^^^^^^^^^^^^^^^^^^^^^^^^^^^^^^^^^^^^^^^
  File "/usr/lib/python_udf/7572a8db11e712fed6beb756e6c14cdfd320d48237f422b7a5b1ae764f1db134/lib/python3.11/socket.py", line 974, in getaddrinfo
    for res in _socket.getaddrinfo(host, port, family, type, proto, flags):
               ^^^^^^^^^^^^^^^^^^^^^^^^^^^^^^^^^^^^^^^^^^^^^^^^^^^^^^^^^^^
OSError: [Errno 16] Device or resource busy

The above exception was the direct cause of the following exception:

Traceback (most recent call last):
  File "/usr/lib/python_udf/7572a8db11e712fed6beb756e6c14cdfd320d48237f422b7a5b1ae764f1db134/lib/python3.11/site-packages/urllib3/connectionpool.py", line 787, in urlopen
    response = self._make_request(
               ^^^^^^^^^^^^^^^^^^^
  File "/usr/lib/python_udf/7572a8db11e712fed6beb756e6c14cdfd320d48237f422b7a5b1ae764f1db134/lib/python3.11/site-packages/urllib3/connectionpool.py", line 488, in _make_request
    raise new_e
  File "/usr/lib/python_udf/7572a8db11e712fed6beb756e6c14cdfd320d48237f422b7a5b1ae764f1db134/lib/python3.11/site-packages/urllib3/connectionpool.py", line 464, in _make_request
    self._validate_conn(conn)
  File "/usr/lib/python_udf/7572a8db11e712fed6beb756e6c14cdfd320d48237f422b7a5b1ae764f1db134/lib/python3.11/site-packages/urllib3/connectionpool.py", line 1093, in _validate_conn
    conn.connect()
  File "/usr/lib/python_udf/7572a8db11e712fed6beb756e6c14cdfd320d48237f422b7a5b1ae764f1db134/lib/python3.11/site-packages/urllib3/connection.py", line 704, in connect
    self.sock = sock = self._new_conn()
                       ^^^^^^^^^^^^^^^^
  File "/usr/lib/python_udf/7572a8db11e712fed6beb756e6c14cdfd320d48237f422b7a5b1ae764f1db134/lib/python3.11/site-packages/urllib3/connection.py", line 213, in _new_conn
    raise NewConnectionError(
urllib3.exceptions.NewConnectionError: <urllib3.connection.HTTPSConnection object at 0xfb021813f010>: Failed to establish a new connection: [Errno 16] Device or resource busy

The above exception was the direct cause of the following exception:

Traceback (most recent call last):
  File "/usr/lib/python_udf/7572a8db11e712fed6beb756e6c14cdfd320d48237f422b7a5b1ae764f1db134/lib/python3.11/site-packages/requests/adapters.py", line 667, in send
    resp = conn.urlopen(
           ^^^^^^^^^^^^^
  File "/usr/lib/python_udf/7572a8db11e712fed6beb756e6c14cdfd320d48237f422b7a5b1ae764f1db134/lib/python3.11/site-packages/urllib3/connectionpool.py", line 841, in urlopen
    retries = retries.increment(
              ^^^^^^^^^^^^^^^^^^
  File "/usr/lib/python_udf/7572a8db11e712fed6beb756e6c14cdfd320d48237f422b7a5b1ae764f1db134/lib/python3.11/site-packages/urllib3/util/retry.py", line 519, in increment
    raise MaxRetryError(_pool, url, reason) from reason  # type: ignore[arg-type]
    ^^^^^^^^^^^^^^^^^^^^^^^^^^^^^^^^^^^^^^^^^^^^^^^^^^^
urllib3.exceptions.MaxRetryError: HTTPSConnectionPool(host='hub.getdbt.com', port=443): Max retries exceeded with url: /api/v1/index.json (Caused by NewConnectionError('<urllib3.connection.HTTPSConnection object at 0xfb021813f010>: Failed to establish a new connection: [Errno 16] Device or resource busy'))

During handling of the above exception, another exception occurred:

Traceback (most recent call last):
  File "/usr/lib/python_udf/7572a8db11e712fed6beb756e6c14cdfd320d48237f422b7a5b1ae764f1db134/lib/python3.11/site-packages/dbt_common/utils/connection.py", line 21, in connection_exception_retry
    return fn()
           ^^^^
  File "/usr/lib/python_udf/7572a8db11e712fed6beb756e6c14cdfd320d48237f422b7a5b1ae764f1db134/lib/python3.11/site-packages/dbt/clients/registry.py", line 168, in _get_index
    resp = requests.get(url, timeout=30)
           ^^^^^^^^^^^^^^^^^^^^^^^^^^^^^
  File "/usr/lib/python_udf/7572a8db11e712fed6beb756e6c14cdfd320d48237f422b7a5b1ae764f1db134/lib/python3.11/site-packages/requests/api.py", line 73, in get
    return request("get", url, params=params, **kwargs)
           ^^^^^^^^^^^^^^^^^^^^^^^^^^^^^^^^^^^^^^^^^^^^
  File "/usr/lib/python_udf/7572a8db11e712fed6beb756e6c14cdfd320d48237f422b7a5b1ae764f1db134/lib/python3.11/site-packages/requests/api.py", line 59, in request
    return session.request(method=method, url=url, **kwargs)
           ^^^^^^^^^^^^^^^^^^^^^^^^^^^^^^^^^^^^^^^^^^^^^^^^^
  File "/usr/lib/python_udf/7572a8db11e712fed6beb756e6c14cdfd320d48237f422b7a5b1ae764f1db134/lib/python3.11/site-packages/requests/sessions.py", line 589, in request
    resp = self.send(prep, **send_kwargs)
           ^^^^^^^^^^^^^^^^^^^^^^^^^^^^^^
  File "/usr/lib/python_udf/7572a8db11e712fed6beb756e6c14cdfd320d48237f422b7a5b1ae764f1db134/lib/python3.11/site-packages/requests/sessions.py", line 703, in send
    r = adapter.send(request, **kwargs)
        ^^^^^^^^^^^^^^^^^^^^^^^^^^^^^^^
  File "/usr/lib/python_udf/7572a8db11e712fed6beb756e6c14cdfd320d48237f422b7a5b1ae764f1db134/lib/python3.11/site-packages/requests/adapters.py", line 700, in send
    raise ConnectionError(e, request=request)
requests.exceptions.ConnectionError: HTTPSConnectionPool(host='hub.getdbt.com', port=443): Max retries exceeded with url: /api/v1/index.json (Caused by NewConnectionError('<urllib3.connection.HTTPSConnection object at 0xfb021813f010>: Failed to establish a new connection: [Errno 16] Device or resource busy'))

During handling of the above exception, another exception occurred:

Traceback (most recent call last):
  File "/usr/lib/python_udf/7572a8db11e712fed6beb756e6c14cdfd320d48237f422b7a5b1ae764f1db134/lib/python3.11/site-packages/urllib3/connection.py", line 198, in _new_conn
    sock = connection.create_connection(
           ^^^^^^^^^^^^^^^^^^^^^^^^^^^^^
  File "/usr/lib/python_udf/7572a8db11e712fed6beb756e6c14cdfd320d48237f422b7a5b1ae764f1db134/lib/python3.11/site-packages/urllib3/util/connection.py", line 60, in create_connection
    for res in socket.getaddrinfo(host, port, family, socket.SOCK_STREAM):
               ^^^^^^^^^^^^^^^^^^^^^^^^^^^^^^^^^^^^^^^^^^^^^^^^^^^^^^^^^^
  File "/usr/lib/python_udf/7572a8db11e712fed6beb756e6c14cdfd320d48237f422b7a5b1ae764f1db134/lib/python3.11/socket.py", line 974, in getaddrinfo
    for res in _socket.getaddrinfo(host, port, family, type, proto, flags):
               ^^^^^^^^^^^^^^^^^^^^^^^^^^^^^^^^^^^^^^^^^^^^^^^^^^^^^^^^^^^
OSError: [Errno 16] Device or resource busy

The above exception was the direct cause of the following exception:

Traceback (most recent call last):
  File "/usr/lib/python_udf/7572a8db11e712fed6beb756e6c14cdfd320d48237f422b7a5b1ae764f1db134/lib/python3.11/site-packages/urllib3/connectionpool.py", line 787, in urlopen
    response = self._make_request(
               ^^^^^^^^^^^^^^^^^^^
  File "/usr/lib/python_udf/7572a8db11e712fed6beb756e6c14cdfd320d48237f422b7a5b1ae764f1db134/lib/python3.11/site-packages/urllib3/connectionpool.py", line 488, in _make_request
    raise new_e
  File "/usr/lib/python_udf/7572a8db11e712fed6beb756e6c14cdfd320d48237f422b7a5b1ae764f1db134/lib/python3.11/site-packages/urllib3/connectionpool.py", line 464, in _make_request
    self._validate_conn(conn)
  File "/usr/lib/python_udf/7572a8db11e712fed6beb756e6c14cdfd320d48237f422b7a5b1ae764f1db134/lib/python3.11/site-packages/urllib3/connectionpool.py", line 1093, in _validate_conn
    conn.connect()
  File "/usr/lib/python_udf/7572a8db11e712fed6beb756e6c14cdfd320d48237f422b7a5b1ae764f1db134/lib/python3.11/site-packages/urllib3/connection.py", line 704, in connect
    self.sock = sock = self._new_conn()
                       ^^^^^^^^^^^^^^^^
  File "/usr/lib/python_udf/7572a8db11e712fed6beb756e6c14cdfd320d48237f422b7a5b1ae764f1db134/lib/python3.11/site-packages/urllib3/connection.py", line 213, in _new_conn
    raise NewConnectionError(
urllib3.exceptions.NewConnectionError: <urllib3.connection.HTTPSConnection object at 0xfb0218148ed0>: Failed to establish a new connection: [Errno 16] Device or resource busy

The above exception was the direct cause of the following exception:

Traceback (most recent call last):
  File "/usr/lib/python_udf/7572a8db11e712fed6beb756e6c14cdfd320d48237f422b7a5b1ae764f1db134/lib/python3.11/site-packages/requests/adapters.py", line 667, in send
    resp = conn.urlopen(
           ^^^^^^^^^^^^^
  File "/usr/lib/python_udf/7572a8db11e712fed6beb756e6c14cdfd320d48237f422b7a5b1ae764f1db134/lib/python3.11/site-packages/urllib3/connectionpool.py", line 841, in urlopen
    retries = retries.increment(
              ^^^^^^^^^^^^^^^^^^
  File "/usr/lib/python_udf/7572a8db11e712fed6beb756e6c14cdfd320d48237f422b7a5b1ae764f1db134/lib/python3.11/site-packages/urllib3/util/retry.py", line 519, in increment
    raise MaxRetryError(_pool, url, reason) from reason  # type: ignore[arg-type]
    ^^^^^^^^^^^^^^^^^^^^^^^^^^^^^^^^^^^^^^^^^^^^^^^^^^^
urllib3.exceptions.MaxRetryError: HTTPSConnectionPool(host='hub.getdbt.com', port=443): Max retries exceeded with url: /api/v1/index.json (Caused by NewConnectionError('<urllib3.connection.HTTPSConnection object at 0xfb0218148ed0>: Failed to establish a new connection: [Errno 16] Device or resource busy'))

During handling of the above exception, another exception occurred:

Traceback (most recent call last):
  File "/usr/lib/python_udf/7572a8db11e712fed6beb756e6c14cdfd320d48237f422b7a5b1ae764f1db134/lib/python3.11/site-packages/dbt_common/utils/connection.py", line 21, in connection_exception_retry
    return fn()
           ^^^^
  File "/usr/lib/python_udf/7572a8db11e712fed6beb756e6c14cdfd320d48237f422b7a5b1ae764f1db134/lib/python3.11/site-packages/dbt/clients/registry.py", line 168, in _get_index
    resp = requests.get(url, timeout=30)
           ^^^^^^^^^^^^^^^^^^^^^^^^^^^^^
  File "/usr/lib/python_udf/7572a8db11e712fed6beb756e6c14cdfd320d48237f422b7a5b1ae764f1db134/lib/python3.11/site-packages/requests/api.py", line 73, in get
    return request("get", url, params=params, **kwargs)
           ^^^^^^^^^^^^^^^^^^^^^^^^^^^^^^^^^^^^^^^^^^^^
  File "/usr/lib/python_udf/7572a8db11e712fed6beb756e6c14cdfd320d48237f422b7a5b1ae764f1db134/lib/python3.11/site-packages/requests/api.py", line 59, in request
    return session.request(method=method, url=url, **kwargs)
           ^^^^^^^^^^^^^^^^^^^^^^^^^^^^^^^^^^^^^^^^^^^^^^^^^
  File "/usr/lib/python_udf/7572a8db11e712fed6beb756e6c14cdfd320d48237f422b7a5b1ae764f1db134/lib/python3.11/site-packages/requests/sessions.py", line 589, in request
    resp = self.send(prep, **send_kwargs)
           ^^^^^^^^^^^^^^^^^^^^^^^^^^^^^^
  File "/usr/lib/python_udf/7572a8db11e712fed6beb756e6c14cdfd320d48237f422b7a5b1ae764f1db134/lib/python3.11/site-packages/requests/sessions.py", line 703, in send
    r = adapter.send(request, **kwargs)
        ^^^^^^^^^^^^^^^^^^^^^^^^^^^^^^^
  File "/usr/lib/python_udf/7572a8db11e712fed6beb756e6c14cdfd320d48237f422b7a5b1ae764f1db134/lib/python3.11/site-packages/requests/adapters.py", line 700, in send
    raise ConnectionError(e, request=request)
requests.exceptions.ConnectionError: HTTPSConnectionPool(host='hub.getdbt.com', port=443): Max retries exceeded with url: /api/v1/index.json (Caused by NewConnectionError('<urllib3.connection.HTTPSConnection object at 0xfb0218148ed0>: Failed to establish a new connection: [Errno 16] Device or resource busy'))

During handling of the above exception, another exception occurred:

Traceback (most recent call last):
  File "/usr/lib/python_udf/7572a8db11e712fed6beb756e6c14cdfd320d48237f422b7a5b1ae764f1db134/lib/python3.11/site-packages/urllib3/connection.py", line 198, in _new_conn
    sock = connection.create_connection(
           ^^^^^^^^^^^^^^^^^^^^^^^^^^^^^
  File "/usr/lib/python_udf/7572a8db11e712fed6beb756e6c14cdfd320d48237f422b7a5b1ae764f1db134/lib/python3.11/site-packages/urllib3/util/connection.py", line 60, in create_connection
    for res in socket.getaddrinfo(host, port, family, socket.SOCK_STREAM):
               ^^^^^^^^^^^^^^^^^^^^^^^^^^^^^^^^^^^^^^^^^^^^^^^^^^^^^^^^^^
  File "/usr/lib/python_udf/7572a8db11e712fed6beb756e6c14cdfd320d48237f422b7a5b1ae764f1db134/lib/python3.11/socket.py", line 974, in getaddrinfo
    for res in _socket.getaddrinfo(host, port, family, type, proto, flags):
               ^^^^^^^^^^^^^^^^^^^^^^^^^^^^^^^^^^^^^^^^^^^^^^^^^^^^^^^^^^^
OSError: [Errno 16] Device or resource busy

The above exception was the direct cause of the following exception:

Traceback (most recent call last):
  File "/usr/lib/python_udf/7572a8db11e712fed6beb756e6c14cdfd320d48237f422b7a5b1ae764f1db134/lib/python3.11/site-packages/urllib3/connectionpool.py", line 787, in urlopen
    response = self._make_request(
               ^^^^^^^^^^^^^^^^^^^
  File "/usr/lib/python_udf/7572a8db11e712fed6beb756e6c14cdfd320d48237f422b7a5b1ae764f1db134/lib/python3.11/site-packages/urllib3/connectionpool.py", line 488, in _make_request
    raise new_e
  File "/usr/lib/python_udf/7572a8db11e712fed6beb756e6c14cdfd320d48237f422b7a5b1ae764f1db134/lib/python3.11/site-packages/urllib3/connectionpool.py", line 464, in _make_request
    self._validate_conn(conn)
  File "/usr/lib/python_udf/7572a8db11e712fed6beb756e6c14cdfd320d48237f422b7a5b1ae764f1db134/lib/python3.11/site-packages/urllib3/connectionpool.py", line 1093, in _validate_conn
    conn.connect()
  File "/usr/lib/python_udf/7572a8db11e712fed6beb756e6c14cdfd320d48237f422b7a5b1ae764f1db134/lib/python3.11/site-packages/urllib3/connection.py", line 704, in connect
    self.sock = sock = self._new_conn()
                       ^^^^^^^^^^^^^^^^
  File "/usr/lib/python_udf/7572a8db11e712fed6beb756e6c14cdfd320d48237f422b7a5b1ae764f1db134/lib/python3.11/site-packages/urllib3/connection.py", line 213, in _new_conn
    raise NewConnectionError(
urllib3.exceptions.NewConnectionError: <urllib3.connection.HTTPSConnection object at 0xfb021814ad50>: Failed to establish a new connection: [Errno 16] Device or resource busy

The above exception was the direct cause of the following exception:

Traceback (most recent call last):
  File "/usr/lib/python_udf/7572a8db11e712fed6beb756e6c14cdfd320d48237f422b7a5b1ae764f1db134/lib/python3.11/site-packages/requests/adapters.py", line 667, in send
    resp = conn.urlopen(
           ^^^^^^^^^^^^^
  File "/usr/lib/python_udf/7572a8db11e712fed6beb756e6c14cdfd320d48237f422b7a5b1ae764f1db134/lib/python3.11/site-packages/urllib3/connectionpool.py", line 841, in urlopen
    retries = retries.increment(
              ^^^^^^^^^^^^^^^^^^
  File "/usr/lib/python_udf/7572a8db11e712fed6beb756e6c14cdfd320d48237f422b7a5b1ae764f1db134/lib/python3.11/site-packages/urllib3/util/retry.py", line 519, in increment
    raise MaxRetryError(_pool, url, reason) from reason  # type: ignore[arg-type]
    ^^^^^^^^^^^^^^^^^^^^^^^^^^^^^^^^^^^^^^^^^^^^^^^^^^^
urllib3.exceptions.MaxRetryError: HTTPSConnectionPool(host='hub.getdbt.com', port=443): Max retries exceeded with url: /api/v1/index.json (Caused by NewConnectionError('<urllib3.connection.HTTPSConnection object at 0xfb021814ad50>: Failed to establish a new connection: [Errno 16] Device or resource busy'))

During handling of the above exception, another exception occurred:

Traceback (most recent call last):
  File "/usr/lib/python_udf/7572a8db11e712fed6beb756e6c14cdfd320d48237f422b7a5b1ae764f1db134/lib/python3.11/site-packages/dbt_common/utils/connection.py", line 21, in connection_exception_retry
    return fn()
           ^^^^
  File "/usr/lib/python_udf/7572a8db11e712fed6beb756e6c14cdfd320d48237f422b7a5b1ae764f1db134/lib/python3.11/site-packages/dbt/clients/registry.py", line 168, in _get_index
    resp = requests.get(url, timeout=30)
           ^^^^^^^^^^^^^^^^^^^^^^^^^^^^^
  File "/usr/lib/python_udf/7572a8db11e712fed6beb756e6c14cdfd320d48237f422b7a5b1ae764f1db134/lib/python3.11/site-packages/requests/api.py", line 73, in get
    return request("get", url, params=params, **kwargs)
           ^^^^^^^^^^^^^^^^^^^^^^^^^^^^^^^^^^^^^^^^^^^^
  File "/usr/lib/python_udf/7572a8db11e712fed6beb756e6c14cdfd320d48237f422b7a5b1ae764f1db134/lib/python3.11/site-packages/requests/api.py", line 59, in request
    return session.request(method=method, url=url, **kwargs)
           ^^^^^^^^^^^^^^^^^^^^^^^^^^^^^^^^^^^^^^^^^^^^^^^^^
  File "/usr/lib/python_udf/7572a8db11e712fed6beb756e6c14cdfd320d48237f422b7a5b1ae764f1db134/lib/python3.11/site-packages/requests/sessions.py", line 589, in request
    resp = self.send(prep, **send_kwargs)
           ^^^^^^^^^^^^^^^^^^^^^^^^^^^^^^
  File "/usr/lib/python_udf/7572a8db11e712fed6beb756e6c14cdfd320d48237f422b7a5b1ae764f1db134/lib/python3.11/site-packages/requests/sessions.py", line 703, in send
    r = adapter.send(request, **kwargs)
        ^^^^^^^^^^^^^^^^^^^^^^^^^^^^^^^
  File "/usr/lib/python_udf/7572a8db11e712fed6beb756e6c14cdfd320d48237f422b7a5b1ae764f1db134/lib/python3.11/site-packages/requests/adapters.py", line 700, in send
    raise ConnectionError(e, request=request)
requests.exceptions.ConnectionError: HTTPSConnectionPool(host='hub.getdbt.com', port=443): Max retries exceeded with url: /api/v1/index.json (Caused by NewConnectionError('<urllib3.connection.HTTPSConnection object at 0xfb021814ad50>: Failed to establish a new connection: [Errno 16] Device or resource busy'))

During handling of the above exception, another exception occurred:

Traceback (most recent call last):
  File "/usr/lib/python_udf/7572a8db11e712fed6beb756e6c14cdfd320d48237f422b7a5b1ae764f1db134/lib/python3.11/site-packages/urllib3/connection.py", line 198, in _new_conn
    sock = connection.create_connection(
           ^^^^^^^^^^^^^^^^^^^^^^^^^^^^^
  File "/usr/lib/python_udf/7572a8db11e712fed6beb756e6c14cdfd320d48237f422b7a5b1ae764f1db134/lib/python3.11/site-packages/urllib3/util/connection.py", line 60, in create_connection
    for res in socket.getaddrinfo(host, port, family, socket.SOCK_STREAM):
               ^^^^^^^^^^^^^^^^^^^^^^^^^^^^^^^^^^^^^^^^^^^^^^^^^^^^^^^^^^
  File "/usr/lib/python_udf/7572a8db11e712fed6beb756e6c14cdfd320d48237f422b7a5b1ae764f1db134/lib/python3.11/socket.py", line 974, in getaddrinfo
    for res in _socket.getaddrinfo(host, port, family, type, proto, flags):
               ^^^^^^^^^^^^^^^^^^^^^^^^^^^^^^^^^^^^^^^^^^^^^^^^^^^^^^^^^^^
OSError: [Errno 16] Device or resource busy

The above exception was the direct cause of the following exception:

Traceback (most recent call last):
  File "/usr/lib/python_udf/7572a8db11e712fed6beb756e6c14cdfd320d48237f422b7a5b1ae764f1db134/lib/python3.11/site-packages/urllib3/connectionpool.py", line 787, in urlopen
    response = self._make_request(
               ^^^^^^^^^^^^^^^^^^^
  File "/usr/lib/python_udf/7572a8db11e712fed6beb756e6c14cdfd320d48237f422b7a5b1ae764f1db134/lib/python3.11/site-packages/urllib3/connectionpool.py", line 488, in _make_request
    raise new_e
  File "/usr/lib/python_udf/7572a8db11e712fed6beb756e6c14cdfd320d48237f422b7a5b1ae764f1db134/lib/python3.11/site-packages/urllib3/connectionpool.py", line 464, in _make_request
    self._validate_conn(conn)
  File "/usr/lib/python_udf/7572a8db11e712fed6beb756e6c14cdfd320d48237f422b7a5b1ae764f1db134/lib/python3.11/site-packages/urllib3/connectionpool.py", line 1093, in _validate_conn
    conn.connect()
  File "/usr/lib/python_udf/7572a8db11e712fed6beb756e6c14cdfd320d48237f422b7a5b1ae764f1db134/lib/python3.11/site-packages/urllib3/connection.py", line 704, in connect
    self.sock = sock = self._new_conn()
                       ^^^^^^^^^^^^^^^^
  File "/usr/lib/python_udf/7572a8db11e712fed6beb756e6c14cdfd320d48237f422b7a5b1ae764f1db134/lib/python3.11/site-packages/urllib3/connection.py", line 213, in _new_conn
    raise NewConnectionError(
urllib3.exceptions.NewConnectionError: <urllib3.connection.HTTPSConnection object at 0xfb0218150c90>: Failed to establish a new connection: [Errno 16] Device or resource busy

The above exception was the direct cause of the following exception:

Traceback (most recent call last):
  File "/usr/lib/python_udf/7572a8db11e712fed6beb756e6c14cdfd320d48237f422b7a5b1ae764f1db134/lib/python3.11/site-packages/requests/adapters.py", line 667, in send
    resp = conn.urlopen(
           ^^^^^^^^^^^^^
  File "/usr/lib/python_udf/7572a8db11e712fed6beb756e6c14cdfd320d48237f422b7a5b1ae764f1db134/lib/python3.11/site-packages/urllib3/connectionpool.py", line 841, in urlopen
    retries = retries.increment(
              ^^^^^^^^^^^^^^^^^^
  File "/usr/lib/python_udf/7572a8db11e712fed6beb756e6c14cdfd320d48237f422b7a5b1ae764f1db134/lib/python3.11/site-packages/urllib3/util/retry.py", line 519, in increment
    raise MaxRetryError(_pool, url, reason) from reason  # type: ignore[arg-type]
    ^^^^^^^^^^^^^^^^^^^^^^^^^^^^^^^^^^^^^^^^^^^^^^^^^^^
urllib3.exceptions.MaxRetryError: HTTPSConnectionPool(host='hub.getdbt.com', port=443): Max retries exceeded with url: /api/v1/index.json (Caused by NewConnectionError('<urllib3.connection.HTTPSConnection object at 0xfb0218150c90>: Failed to establish a new connection: [Errno 16] Device or resource busy'))

During handling of the above exception, another exception occurred:

Traceback (most recent call last):
  File "/usr/lib/python_udf/7572a8db11e712fed6beb756e6c14cdfd320d48237f422b7a5b1ae764f1db134/lib/python3.11/site-packages/dbt_common/utils/connection.py", line 21, in connection_exception_retry
    return fn()
           ^^^^
  File "/usr/lib/python_udf/7572a8db11e712fed6beb756e6c14cdfd320d48237f422b7a5b1ae764f1db134/lib/python3.11/site-packages/dbt/clients/registry.py", line 168, in _get_index
    resp = requests.get(url, timeout=30)
           ^^^^^^^^^^^^^^^^^^^^^^^^^^^^^
  File "/usr/lib/python_udf/7572a8db11e712fed6beb756e6c14cdfd320d48237f422b7a5b1ae764f1db134/lib/python3.11/site-packages/requests/api.py", line 73, in get
    return request("get", url, params=params, **kwargs)
           ^^^^^^^^^^^^^^^^^^^^^^^^^^^^^^^^^^^^^^^^^^^^
  File "/usr/lib/python_udf/7572a8db11e712fed6beb756e6c14cdfd320d48237f422b7a5b1ae764f1db134/lib/python3.11/site-packages/requests/api.py", line 59, in request
    return session.request(method=method, url=url, **kwargs)
           ^^^^^^^^^^^^^^^^^^^^^^^^^^^^^^^^^^^^^^^^^^^^^^^^^
  File "/usr/lib/python_udf/7572a8db11e712fed6beb756e6c14cdfd320d48237f422b7a5b1ae764f1db134/lib/python3.11/site-packages/requests/sessions.py", line 589, in request
    resp = self.send(prep, **send_kwargs)
           ^^^^^^^^^^^^^^^^^^^^^^^^^^^^^^
  File "/usr/lib/python_udf/7572a8db11e712fed6beb756e6c14cdfd320d48237f422b7a5b1ae764f1db134/lib/python3.11/site-packages/requests/sessions.py", line 703, in send
    r = adapter.send(request, **kwargs)
        ^^^^^^^^^^^^^^^^^^^^^^^^^^^^^^^
  File "/usr/lib/python_udf/7572a8db11e712fed6beb756e6c14cdfd320d48237f422b7a5b1ae764f1db134/lib/python3.11/site-packages/requests/adapters.py", line 700, in send
    raise ConnectionError(e, request=request)
requests.exceptions.ConnectionError: HTTPSConnectionPool(host='hub.getdbt.com', port=443): Max retries exceeded with url: /api/v1/index.json (Caused by NewConnectionError('<urllib3.connection.HTTPSConnection object at 0xfb0218150c90>: Failed to establish a new connection: [Errno 16] Device or resource busy'))

During handling of the above exception, another exception occurred:

Traceback (most recent call last):
  File "/usr/lib/python_udf/7572a8db11e712fed6beb756e6c14cdfd320d48237f422b7a5b1ae764f1db134/lib/python3.11/site-packages/dbt/cli/requires.py", line 153, in wrapper
    result, success = func(*args, **kwargs)
                      ^^^^^^^^^^^^^^^^^^^^^
  File "/usr/lib/python_udf/7572a8db11e712fed6beb756e6c14cdfd320d48237f422b7a5b1ae764f1db134/lib/python3.11/site-packages/dbt/cli/requires.py", line 103, in wrapper
    return func(*args, **kwargs)
           ^^^^^^^^^^^^^^^^^^^^^
  File "/usr/lib/python_udf/7572a8db11e712fed6beb756e6c14cdfd320d48237f422b7a5b1ae764f1db134/lib/python3.11/site-packages/dbt/cli/requires.py", line 218, in wrapper
    return func(*args, **kwargs)
           ^^^^^^^^^^^^^^^^^^^^^
  File "/usr/lib/python_udf/7572a8db11e712fed6beb756e6c14cdfd320d48237f422b7a5b1ae764f1db134/lib/python3.11/site-packages/dbt/cli/requires.py", line 264, in wrapper
    return func(*args, **kwargs)
           ^^^^^^^^^^^^^^^^^^^^^
  File "/usr/lib/python_udf/7572a8db11e712fed6beb756e6c14cdfd320d48237f422b7a5b1ae764f1db134/lib/python3.11/site-packages/dbt/cli/main.py", line 455, in deps
    results = task.run()
              ^^^^^^^^^^
  File "/usr/lib/python_udf/7572a8db11e712fed6beb756e6c14cdfd320d48237f422b7a5b1ae764f1db134/lib/python3.11/site-packages/dbt/task/deps.py", line 211, in run
    self.lock()
  File "/usr/lib/python_udf/7572a8db11e712fed6beb756e6c14cdfd320d48237f422b7a5b1ae764f1db134/lib/python3.11/site-packages/dbt/task/deps.py", line 187, in lock
    resolved_deps = resolve_packages(packages, self.project, self.cli_vars)
                    ^^^^^^^^^^^^^^^^^^^^^^^^^^^^^^^^^^^^^^^^^^^^^^^^^^^^^^^
  File "/usr/lib/python_udf/7572a8db11e712fed6beb756e6c14cdfd320d48237f422b7a5b1ae764f1db134/lib/python3.11/site-packages/dbt/deps/resolver.py", line 131, in resolve_packages
    target = final[package].resolved().fetch_metadata(project, renderer)
             ^^^^^^^^^^^^^^^^^^^^^^^^^
  File "/usr/lib/python_udf/7572a8db11e712fed6beb756e6c14cdfd320d48237f422b7a5b1ae764f1db134/lib/python3.11/site-packages/dbt/deps/registry.py", line 98, in resolved
    self._check_in_index()
  File "/usr/lib/python_udf/7572a8db11e712fed6beb756e6c14cdfd320d48237f422b7a5b1ae764f1db134/lib/python3.11/site-packages/dbt/deps/registry.py", line 75, in _check_in_index
    index = registry.index_cached()
            ^^^^^^^^^^^^^^^^^^^^^^^
  File "/usr/lib/python_udf/7572a8db11e712fed6beb756e6c14cdfd320d48237f422b7a5b1ae764f1db134/lib/python3.11/site-packages/dbt/utils.py", line 127, in __call__
    value = self.func(*args)
            ^^^^^^^^^^^^^^^^
  File "/usr/lib/python_udf/7572a8db11e712fed6beb756e6c14cdfd320d48237f422b7a5b1ae764f1db134/lib/python3.11/site-packages/dbt/clients/registry.py", line 189, in index
    return connection_exception_retry(get_index_fn, 5)
           ^^^^^^^^^^^^^^^^^^^^^^^^^^^^^^^^^^^^^^^^^^^
  File "/usr/lib/python_udf/7572a8db11e712fed6beb756e6c14cdfd320d48237f422b7a5b1ae764f1db134/lib/python3.11/site-packages/dbt_common/utils/connection.py", line 34, in connection_exception_retry
    return connection_exception_retry(fn, max_attempts, attempt + 1)
           ^^^^^^^^^^^^^^^^^^^^^^^^^^^^^^^^^^^^^^^^^^^^^^^^^^^^^^^^^
  File "/usr/lib/python_udf/7572a8db11e712fed6beb756e6c14cdfd320d48237f422b7a5b1ae764f1db134/lib/python3.11/site-packages/dbt_common/utils/connection.py", line 34, in connection_exception_retry
    return connection_exception_retry(fn, max_attempts, attempt + 1)
           ^^^^^^^^^^^^^^^^^^^^^^^^^^^^^^^^^^^^^^^^^^^^^^^^^^^^^^^^^
  File "/usr/lib/python_udf/7572a8db11e712fed6beb756e6c14cdfd320d48237f422b7a5b1ae764f1db134/lib/python3.11/site-packages/dbt_common/utils/connection.py", line 34, in connection_exception_retry
    return connection_exception_retry(fn, max_attempts, attempt + 1)
           ^^^^^^^^^^^^^^^^^^^^^^^^^^^^^^^^^^^^^^^^^^^^^^^^^^^^^^^^^
  [Previous line repeated 2 more times]
  File "/usr/lib/python_udf/7572a8db11e712fed6beb756e6c14cdfd320d48237f422b7a5b1ae764f1db134/lib/python3.11/site-packages/dbt_common/utils/connection.py", line 36, in connection_exception_retry
    raise ConnectionError("External connection exception occurred: " + str(exc))
dbt_common.exceptions.connection.ConnectionError: External connection exception occurred: HTTPSConnectionPool(host='hub.getdbt.com', port=443): Max retries exceeded with url: /api/v1/index.json (Caused by NewConnectionError('<urllib3.connection.HTTPSConnection object at 0xfb0218150c90>: Failed to establish a new connection: [Errno 16] Device or resource busy'))

[0m16:58:55.932443 [debug] [Dummy-1   ]: Resource report: {"command_name": "deps", "command_success": false, "command_wall_clock_time": 5.412954, "process_in_blocks": "0", "process_kernel_time": 1.09, "process_mem_max_rss": "401544", "process_out_blocks": "0", "process_user_time": 4.25}
[0m16:58:55.933321 [debug] [Dummy-1   ]: Command `cli deps` failed at 16:58:55.932923 after 5.41 seconds
[0m16:58:55.934046 [debug] [Dummy-1   ]: Flushing usage events


============================== 16:59:31.241266 | 386ae1b4-16d5-4fa6-b446-a36022d88edd ==============================
[0m16:59:31.241266 [info ] [Dummy-1   ]: Running with dbt=1.9.4
[0m16:59:31.242476 [debug] [Dummy-1   ]: running dbt with arguments {'printer_width': '80', 'indirect_selection': 'eager', 'log_cache_events': 'False', 'write_json': 'True', 'partial_parse': 'True', 'cache_selected_only': 'False', 'warn_error': 'None', 'debug': 'False', 'version_check': 'True', 'log_path': '/tmp/dbt/logs', 'profiles_dir': '/tmp/dbt/', 'fail_fast': 'False', 'use_colors': 'True', 'use_experimental_parser': 'False', 'no_print': 'None', 'quiet': 'False', 'empty': 'None', 'log_format': 'default', 'static_parser': 'True', 'introspect': 'True', 'invocation_command': 'dbt ', 'target_path': 'None', 'warn_error_options': 'WarnErrorOptions(include=[], exclude=[])', 'send_anonymous_usage_stats': 'False'}
[0m16:59:31.488578 [debug] [Dummy-1   ]: Set downloads directory='/tmp/dbt-downloads-nmukuj67'
[0m16:59:31.489678 [debug] [Dummy-1   ]: Making package index registry request: GET https://hub.getdbt.com/api/v1/index.json
[0m16:59:31.494483 [debug] [Dummy-1   ]: External call exception: HTTPSConnectionPool(host='hub.getdbt.com', port=443): Max retries exceeded with url: /api/v1/index.json (Caused by NewConnectionError('<urllib3.connection.HTTPSConnection object at 0xf49335b2f390>: Failed to establish a new connection: [Errno 16] Device or resource busy'))
[0m16:59:31.495165 [debug] [Dummy-1   ]: Retrying external call. Attempt: 0 Max attempts: 5
[0m16:59:32.496463 [debug] [Dummy-1   ]: Making package index registry request: GET https://hub.getdbt.com/api/v1/index.json
[0m16:59:32.499032 [debug] [Dummy-1   ]: External call exception: HTTPSConnectionPool(host='hub.getdbt.com', port=443): Max retries exceeded with url: /api/v1/index.json (Caused by NewConnectionError('<urllib3.connection.HTTPSConnection object at 0xf49335b3d790>: Failed to establish a new connection: [Errno 16] Device or resource busy'))
[0m16:59:32.499777 [debug] [Dummy-1   ]: Retrying external call. Attempt: 1 Max attempts: 5
[0m16:59:33.501824 [debug] [Dummy-1   ]: Making package index registry request: GET https://hub.getdbt.com/api/v1/index.json
[0m16:59:33.504240 [debug] [Dummy-1   ]: External call exception: HTTPSConnectionPool(host='hub.getdbt.com', port=443): Max retries exceeded with url: /api/v1/index.json (Caused by NewConnectionError('<urllib3.connection.HTTPSConnection object at 0xf49335b3f610>: Failed to establish a new connection: [Errno 16] Device or resource busy'))
[0m16:59:33.504950 [debug] [Dummy-1   ]: Retrying external call. Attempt: 2 Max attempts: 5
[0m16:59:34.506625 [debug] [Dummy-1   ]: Making package index registry request: GET https://hub.getdbt.com/api/v1/index.json
[0m16:59:34.509073 [debug] [Dummy-1   ]: External call exception: HTTPSConnectionPool(host='hub.getdbt.com', port=443): Max retries exceeded with url: /api/v1/index.json (Caused by NewConnectionError('<urllib3.connection.HTTPSConnection object at 0xf49335b494d0>: Failed to establish a new connection: [Errno 16] Device or resource busy'))
[0m16:59:34.509761 [debug] [Dummy-1   ]: Retrying external call. Attempt: 3 Max attempts: 5
[0m16:59:35.511680 [debug] [Dummy-1   ]: Making package index registry request: GET https://hub.getdbt.com/api/v1/index.json
[0m16:59:35.514170 [debug] [Dummy-1   ]: External call exception: HTTPSConnectionPool(host='hub.getdbt.com', port=443): Max retries exceeded with url: /api/v1/index.json (Caused by NewConnectionError('<urllib3.connection.HTTPSConnection object at 0xf49335b4b350>: Failed to establish a new connection: [Errno 16] Device or resource busy'))
[0m16:59:35.514855 [debug] [Dummy-1   ]: Retrying external call. Attempt: 4 Max attempts: 5
[0m16:59:36.516882 [debug] [Dummy-1   ]: Making package index registry request: GET https://hub.getdbt.com/api/v1/index.json
[0m16:59:36.519445 [error] [Dummy-1   ]: Encountered an error:
External connection exception occurred: HTTPSConnectionPool(host='hub.getdbt.com', port=443): Max retries exceeded with url: /api/v1/index.json (Caused by NewConnectionError('<urllib3.connection.HTTPSConnection object at 0xf49335b51250>: Failed to establish a new connection: [Errno 16] Device or resource busy'))
[0m16:59:36.541733 [error] [Dummy-1   ]: Traceback (most recent call last):
  File "/usr/lib/python_udf/7572a8db11e712fed6beb756e6c14cdfd320d48237f422b7a5b1ae764f1db134/lib/python3.11/site-packages/urllib3/connection.py", line 198, in _new_conn
    sock = connection.create_connection(
           ^^^^^^^^^^^^^^^^^^^^^^^^^^^^^
  File "/usr/lib/python_udf/7572a8db11e712fed6beb756e6c14cdfd320d48237f422b7a5b1ae764f1db134/lib/python3.11/site-packages/urllib3/util/connection.py", line 60, in create_connection
    for res in socket.getaddrinfo(host, port, family, socket.SOCK_STREAM):
               ^^^^^^^^^^^^^^^^^^^^^^^^^^^^^^^^^^^^^^^^^^^^^^^^^^^^^^^^^^
  File "/usr/lib/python_udf/7572a8db11e712fed6beb756e6c14cdfd320d48237f422b7a5b1ae764f1db134/lib/python3.11/socket.py", line 974, in getaddrinfo
    for res in _socket.getaddrinfo(host, port, family, type, proto, flags):
               ^^^^^^^^^^^^^^^^^^^^^^^^^^^^^^^^^^^^^^^^^^^^^^^^^^^^^^^^^^^
OSError: [Errno 16] Device or resource busy

The above exception was the direct cause of the following exception:

Traceback (most recent call last):
  File "/usr/lib/python_udf/7572a8db11e712fed6beb756e6c14cdfd320d48237f422b7a5b1ae764f1db134/lib/python3.11/site-packages/urllib3/connectionpool.py", line 787, in urlopen
    response = self._make_request(
               ^^^^^^^^^^^^^^^^^^^
  File "/usr/lib/python_udf/7572a8db11e712fed6beb756e6c14cdfd320d48237f422b7a5b1ae764f1db134/lib/python3.11/site-packages/urllib3/connectionpool.py", line 488, in _make_request
    raise new_e
  File "/usr/lib/python_udf/7572a8db11e712fed6beb756e6c14cdfd320d48237f422b7a5b1ae764f1db134/lib/python3.11/site-packages/urllib3/connectionpool.py", line 464, in _make_request
    self._validate_conn(conn)
  File "/usr/lib/python_udf/7572a8db11e712fed6beb756e6c14cdfd320d48237f422b7a5b1ae764f1db134/lib/python3.11/site-packages/urllib3/connectionpool.py", line 1093, in _validate_conn
    conn.connect()
  File "/usr/lib/python_udf/7572a8db11e712fed6beb756e6c14cdfd320d48237f422b7a5b1ae764f1db134/lib/python3.11/site-packages/urllib3/connection.py", line 704, in connect
    self.sock = sock = self._new_conn()
                       ^^^^^^^^^^^^^^^^
  File "/usr/lib/python_udf/7572a8db11e712fed6beb756e6c14cdfd320d48237f422b7a5b1ae764f1db134/lib/python3.11/site-packages/urllib3/connection.py", line 213, in _new_conn
    raise NewConnectionError(
urllib3.exceptions.NewConnectionError: <urllib3.connection.HTTPSConnection object at 0xf49335b2f390>: Failed to establish a new connection: [Errno 16] Device or resource busy

The above exception was the direct cause of the following exception:

Traceback (most recent call last):
  File "/usr/lib/python_udf/7572a8db11e712fed6beb756e6c14cdfd320d48237f422b7a5b1ae764f1db134/lib/python3.11/site-packages/requests/adapters.py", line 667, in send
    resp = conn.urlopen(
           ^^^^^^^^^^^^^
  File "/usr/lib/python_udf/7572a8db11e712fed6beb756e6c14cdfd320d48237f422b7a5b1ae764f1db134/lib/python3.11/site-packages/urllib3/connectionpool.py", line 841, in urlopen
    retries = retries.increment(
              ^^^^^^^^^^^^^^^^^^
  File "/usr/lib/python_udf/7572a8db11e712fed6beb756e6c14cdfd320d48237f422b7a5b1ae764f1db134/lib/python3.11/site-packages/urllib3/util/retry.py", line 519, in increment
    raise MaxRetryError(_pool, url, reason) from reason  # type: ignore[arg-type]
    ^^^^^^^^^^^^^^^^^^^^^^^^^^^^^^^^^^^^^^^^^^^^^^^^^^^
urllib3.exceptions.MaxRetryError: HTTPSConnectionPool(host='hub.getdbt.com', port=443): Max retries exceeded with url: /api/v1/index.json (Caused by NewConnectionError('<urllib3.connection.HTTPSConnection object at 0xf49335b2f390>: Failed to establish a new connection: [Errno 16] Device or resource busy'))

During handling of the above exception, another exception occurred:

Traceback (most recent call last):
  File "/usr/lib/python_udf/7572a8db11e712fed6beb756e6c14cdfd320d48237f422b7a5b1ae764f1db134/lib/python3.11/site-packages/dbt_common/utils/connection.py", line 21, in connection_exception_retry
    return fn()
           ^^^^
  File "/usr/lib/python_udf/7572a8db11e712fed6beb756e6c14cdfd320d48237f422b7a5b1ae764f1db134/lib/python3.11/site-packages/dbt/clients/registry.py", line 168, in _get_index
    resp = requests.get(url, timeout=30)
           ^^^^^^^^^^^^^^^^^^^^^^^^^^^^^
  File "/usr/lib/python_udf/7572a8db11e712fed6beb756e6c14cdfd320d48237f422b7a5b1ae764f1db134/lib/python3.11/site-packages/requests/api.py", line 73, in get
    return request("get", url, params=params, **kwargs)
           ^^^^^^^^^^^^^^^^^^^^^^^^^^^^^^^^^^^^^^^^^^^^
  File "/usr/lib/python_udf/7572a8db11e712fed6beb756e6c14cdfd320d48237f422b7a5b1ae764f1db134/lib/python3.11/site-packages/requests/api.py", line 59, in request
    return session.request(method=method, url=url, **kwargs)
           ^^^^^^^^^^^^^^^^^^^^^^^^^^^^^^^^^^^^^^^^^^^^^^^^^
  File "/usr/lib/python_udf/7572a8db11e712fed6beb756e6c14cdfd320d48237f422b7a5b1ae764f1db134/lib/python3.11/site-packages/requests/sessions.py", line 589, in request
    resp = self.send(prep, **send_kwargs)
           ^^^^^^^^^^^^^^^^^^^^^^^^^^^^^^
  File "/usr/lib/python_udf/7572a8db11e712fed6beb756e6c14cdfd320d48237f422b7a5b1ae764f1db134/lib/python3.11/site-packages/requests/sessions.py", line 703, in send
    r = adapter.send(request, **kwargs)
        ^^^^^^^^^^^^^^^^^^^^^^^^^^^^^^^
  File "/usr/lib/python_udf/7572a8db11e712fed6beb756e6c14cdfd320d48237f422b7a5b1ae764f1db134/lib/python3.11/site-packages/requests/adapters.py", line 700, in send
    raise ConnectionError(e, request=request)
requests.exceptions.ConnectionError: HTTPSConnectionPool(host='hub.getdbt.com', port=443): Max retries exceeded with url: /api/v1/index.json (Caused by NewConnectionError('<urllib3.connection.HTTPSConnection object at 0xf49335b2f390>: Failed to establish a new connection: [Errno 16] Device or resource busy'))

During handling of the above exception, another exception occurred:

Traceback (most recent call last):
  File "/usr/lib/python_udf/7572a8db11e712fed6beb756e6c14cdfd320d48237f422b7a5b1ae764f1db134/lib/python3.11/site-packages/urllib3/connection.py", line 198, in _new_conn
    sock = connection.create_connection(
           ^^^^^^^^^^^^^^^^^^^^^^^^^^^^^
  File "/usr/lib/python_udf/7572a8db11e712fed6beb756e6c14cdfd320d48237f422b7a5b1ae764f1db134/lib/python3.11/site-packages/urllib3/util/connection.py", line 60, in create_connection
    for res in socket.getaddrinfo(host, port, family, socket.SOCK_STREAM):
               ^^^^^^^^^^^^^^^^^^^^^^^^^^^^^^^^^^^^^^^^^^^^^^^^^^^^^^^^^^
  File "/usr/lib/python_udf/7572a8db11e712fed6beb756e6c14cdfd320d48237f422b7a5b1ae764f1db134/lib/python3.11/socket.py", line 974, in getaddrinfo
    for res in _socket.getaddrinfo(host, port, family, type, proto, flags):
               ^^^^^^^^^^^^^^^^^^^^^^^^^^^^^^^^^^^^^^^^^^^^^^^^^^^^^^^^^^^
OSError: [Errno 16] Device or resource busy

The above exception was the direct cause of the following exception:

Traceback (most recent call last):
  File "/usr/lib/python_udf/7572a8db11e712fed6beb756e6c14cdfd320d48237f422b7a5b1ae764f1db134/lib/python3.11/site-packages/urllib3/connectionpool.py", line 787, in urlopen
    response = self._make_request(
               ^^^^^^^^^^^^^^^^^^^
  File "/usr/lib/python_udf/7572a8db11e712fed6beb756e6c14cdfd320d48237f422b7a5b1ae764f1db134/lib/python3.11/site-packages/urllib3/connectionpool.py", line 488, in _make_request
    raise new_e
  File "/usr/lib/python_udf/7572a8db11e712fed6beb756e6c14cdfd320d48237f422b7a5b1ae764f1db134/lib/python3.11/site-packages/urllib3/connectionpool.py", line 464, in _make_request
    self._validate_conn(conn)
  File "/usr/lib/python_udf/7572a8db11e712fed6beb756e6c14cdfd320d48237f422b7a5b1ae764f1db134/lib/python3.11/site-packages/urllib3/connectionpool.py", line 1093, in _validate_conn
    conn.connect()
  File "/usr/lib/python_udf/7572a8db11e712fed6beb756e6c14cdfd320d48237f422b7a5b1ae764f1db134/lib/python3.11/site-packages/urllib3/connection.py", line 704, in connect
    self.sock = sock = self._new_conn()
                       ^^^^^^^^^^^^^^^^
  File "/usr/lib/python_udf/7572a8db11e712fed6beb756e6c14cdfd320d48237f422b7a5b1ae764f1db134/lib/python3.11/site-packages/urllib3/connection.py", line 213, in _new_conn
    raise NewConnectionError(
urllib3.exceptions.NewConnectionError: <urllib3.connection.HTTPSConnection object at 0xf49335b3d790>: Failed to establish a new connection: [Errno 16] Device or resource busy

The above exception was the direct cause of the following exception:

Traceback (most recent call last):
  File "/usr/lib/python_udf/7572a8db11e712fed6beb756e6c14cdfd320d48237f422b7a5b1ae764f1db134/lib/python3.11/site-packages/requests/adapters.py", line 667, in send
    resp = conn.urlopen(
           ^^^^^^^^^^^^^
  File "/usr/lib/python_udf/7572a8db11e712fed6beb756e6c14cdfd320d48237f422b7a5b1ae764f1db134/lib/python3.11/site-packages/urllib3/connectionpool.py", line 841, in urlopen
    retries = retries.increment(
              ^^^^^^^^^^^^^^^^^^
  File "/usr/lib/python_udf/7572a8db11e712fed6beb756e6c14cdfd320d48237f422b7a5b1ae764f1db134/lib/python3.11/site-packages/urllib3/util/retry.py", line 519, in increment
    raise MaxRetryError(_pool, url, reason) from reason  # type: ignore[arg-type]
    ^^^^^^^^^^^^^^^^^^^^^^^^^^^^^^^^^^^^^^^^^^^^^^^^^^^
urllib3.exceptions.MaxRetryError: HTTPSConnectionPool(host='hub.getdbt.com', port=443): Max retries exceeded with url: /api/v1/index.json (Caused by NewConnectionError('<urllib3.connection.HTTPSConnection object at 0xf49335b3d790>: Failed to establish a new connection: [Errno 16] Device or resource busy'))

During handling of the above exception, another exception occurred:

Traceback (most recent call last):
  File "/usr/lib/python_udf/7572a8db11e712fed6beb756e6c14cdfd320d48237f422b7a5b1ae764f1db134/lib/python3.11/site-packages/dbt_common/utils/connection.py", line 21, in connection_exception_retry
    return fn()
           ^^^^
  File "/usr/lib/python_udf/7572a8db11e712fed6beb756e6c14cdfd320d48237f422b7a5b1ae764f1db134/lib/python3.11/site-packages/dbt/clients/registry.py", line 168, in _get_index
    resp = requests.get(url, timeout=30)
           ^^^^^^^^^^^^^^^^^^^^^^^^^^^^^
  File "/usr/lib/python_udf/7572a8db11e712fed6beb756e6c14cdfd320d48237f422b7a5b1ae764f1db134/lib/python3.11/site-packages/requests/api.py", line 73, in get
    return request("get", url, params=params, **kwargs)
           ^^^^^^^^^^^^^^^^^^^^^^^^^^^^^^^^^^^^^^^^^^^^
  File "/usr/lib/python_udf/7572a8db11e712fed6beb756e6c14cdfd320d48237f422b7a5b1ae764f1db134/lib/python3.11/site-packages/requests/api.py", line 59, in request
    return session.request(method=method, url=url, **kwargs)
           ^^^^^^^^^^^^^^^^^^^^^^^^^^^^^^^^^^^^^^^^^^^^^^^^^
  File "/usr/lib/python_udf/7572a8db11e712fed6beb756e6c14cdfd320d48237f422b7a5b1ae764f1db134/lib/python3.11/site-packages/requests/sessions.py", line 589, in request
    resp = self.send(prep, **send_kwargs)
           ^^^^^^^^^^^^^^^^^^^^^^^^^^^^^^
  File "/usr/lib/python_udf/7572a8db11e712fed6beb756e6c14cdfd320d48237f422b7a5b1ae764f1db134/lib/python3.11/site-packages/requests/sessions.py", line 703, in send
    r = adapter.send(request, **kwargs)
        ^^^^^^^^^^^^^^^^^^^^^^^^^^^^^^^
  File "/usr/lib/python_udf/7572a8db11e712fed6beb756e6c14cdfd320d48237f422b7a5b1ae764f1db134/lib/python3.11/site-packages/requests/adapters.py", line 700, in send
    raise ConnectionError(e, request=request)
requests.exceptions.ConnectionError: HTTPSConnectionPool(host='hub.getdbt.com', port=443): Max retries exceeded with url: /api/v1/index.json (Caused by NewConnectionError('<urllib3.connection.HTTPSConnection object at 0xf49335b3d790>: Failed to establish a new connection: [Errno 16] Device or resource busy'))

During handling of the above exception, another exception occurred:

Traceback (most recent call last):
  File "/usr/lib/python_udf/7572a8db11e712fed6beb756e6c14cdfd320d48237f422b7a5b1ae764f1db134/lib/python3.11/site-packages/urllib3/connection.py", line 198, in _new_conn
    sock = connection.create_connection(
           ^^^^^^^^^^^^^^^^^^^^^^^^^^^^^
  File "/usr/lib/python_udf/7572a8db11e712fed6beb756e6c14cdfd320d48237f422b7a5b1ae764f1db134/lib/python3.11/site-packages/urllib3/util/connection.py", line 60, in create_connection
    for res in socket.getaddrinfo(host, port, family, socket.SOCK_STREAM):
               ^^^^^^^^^^^^^^^^^^^^^^^^^^^^^^^^^^^^^^^^^^^^^^^^^^^^^^^^^^
  File "/usr/lib/python_udf/7572a8db11e712fed6beb756e6c14cdfd320d48237f422b7a5b1ae764f1db134/lib/python3.11/socket.py", line 974, in getaddrinfo
    for res in _socket.getaddrinfo(host, port, family, type, proto, flags):
               ^^^^^^^^^^^^^^^^^^^^^^^^^^^^^^^^^^^^^^^^^^^^^^^^^^^^^^^^^^^
OSError: [Errno 16] Device or resource busy

The above exception was the direct cause of the following exception:

Traceback (most recent call last):
  File "/usr/lib/python_udf/7572a8db11e712fed6beb756e6c14cdfd320d48237f422b7a5b1ae764f1db134/lib/python3.11/site-packages/urllib3/connectionpool.py", line 787, in urlopen
    response = self._make_request(
               ^^^^^^^^^^^^^^^^^^^
  File "/usr/lib/python_udf/7572a8db11e712fed6beb756e6c14cdfd320d48237f422b7a5b1ae764f1db134/lib/python3.11/site-packages/urllib3/connectionpool.py", line 488, in _make_request
    raise new_e
  File "/usr/lib/python_udf/7572a8db11e712fed6beb756e6c14cdfd320d48237f422b7a5b1ae764f1db134/lib/python3.11/site-packages/urllib3/connectionpool.py", line 464, in _make_request
    self._validate_conn(conn)
  File "/usr/lib/python_udf/7572a8db11e712fed6beb756e6c14cdfd320d48237f422b7a5b1ae764f1db134/lib/python3.11/site-packages/urllib3/connectionpool.py", line 1093, in _validate_conn
    conn.connect()
  File "/usr/lib/python_udf/7572a8db11e712fed6beb756e6c14cdfd320d48237f422b7a5b1ae764f1db134/lib/python3.11/site-packages/urllib3/connection.py", line 704, in connect
    self.sock = sock = self._new_conn()
                       ^^^^^^^^^^^^^^^^
  File "/usr/lib/python_udf/7572a8db11e712fed6beb756e6c14cdfd320d48237f422b7a5b1ae764f1db134/lib/python3.11/site-packages/urllib3/connection.py", line 213, in _new_conn
    raise NewConnectionError(
urllib3.exceptions.NewConnectionError: <urllib3.connection.HTTPSConnection object at 0xf49335b3f610>: Failed to establish a new connection: [Errno 16] Device or resource busy

The above exception was the direct cause of the following exception:

Traceback (most recent call last):
  File "/usr/lib/python_udf/7572a8db11e712fed6beb756e6c14cdfd320d48237f422b7a5b1ae764f1db134/lib/python3.11/site-packages/requests/adapters.py", line 667, in send
    resp = conn.urlopen(
           ^^^^^^^^^^^^^
  File "/usr/lib/python_udf/7572a8db11e712fed6beb756e6c14cdfd320d48237f422b7a5b1ae764f1db134/lib/python3.11/site-packages/urllib3/connectionpool.py", line 841, in urlopen
    retries = retries.increment(
              ^^^^^^^^^^^^^^^^^^
  File "/usr/lib/python_udf/7572a8db11e712fed6beb756e6c14cdfd320d48237f422b7a5b1ae764f1db134/lib/python3.11/site-packages/urllib3/util/retry.py", line 519, in increment
    raise MaxRetryError(_pool, url, reason) from reason  # type: ignore[arg-type]
    ^^^^^^^^^^^^^^^^^^^^^^^^^^^^^^^^^^^^^^^^^^^^^^^^^^^
urllib3.exceptions.MaxRetryError: HTTPSConnectionPool(host='hub.getdbt.com', port=443): Max retries exceeded with url: /api/v1/index.json (Caused by NewConnectionError('<urllib3.connection.HTTPSConnection object at 0xf49335b3f610>: Failed to establish a new connection: [Errno 16] Device or resource busy'))

During handling of the above exception, another exception occurred:

Traceback (most recent call last):
  File "/usr/lib/python_udf/7572a8db11e712fed6beb756e6c14cdfd320d48237f422b7a5b1ae764f1db134/lib/python3.11/site-packages/dbt_common/utils/connection.py", line 21, in connection_exception_retry
    return fn()
           ^^^^
  File "/usr/lib/python_udf/7572a8db11e712fed6beb756e6c14cdfd320d48237f422b7a5b1ae764f1db134/lib/python3.11/site-packages/dbt/clients/registry.py", line 168, in _get_index
    resp = requests.get(url, timeout=30)
           ^^^^^^^^^^^^^^^^^^^^^^^^^^^^^
  File "/usr/lib/python_udf/7572a8db11e712fed6beb756e6c14cdfd320d48237f422b7a5b1ae764f1db134/lib/python3.11/site-packages/requests/api.py", line 73, in get
    return request("get", url, params=params, **kwargs)
           ^^^^^^^^^^^^^^^^^^^^^^^^^^^^^^^^^^^^^^^^^^^^
  File "/usr/lib/python_udf/7572a8db11e712fed6beb756e6c14cdfd320d48237f422b7a5b1ae764f1db134/lib/python3.11/site-packages/requests/api.py", line 59, in request
    return session.request(method=method, url=url, **kwargs)
           ^^^^^^^^^^^^^^^^^^^^^^^^^^^^^^^^^^^^^^^^^^^^^^^^^
  File "/usr/lib/python_udf/7572a8db11e712fed6beb756e6c14cdfd320d48237f422b7a5b1ae764f1db134/lib/python3.11/site-packages/requests/sessions.py", line 589, in request
    resp = self.send(prep, **send_kwargs)
           ^^^^^^^^^^^^^^^^^^^^^^^^^^^^^^
  File "/usr/lib/python_udf/7572a8db11e712fed6beb756e6c14cdfd320d48237f422b7a5b1ae764f1db134/lib/python3.11/site-packages/requests/sessions.py", line 703, in send
    r = adapter.send(request, **kwargs)
        ^^^^^^^^^^^^^^^^^^^^^^^^^^^^^^^
  File "/usr/lib/python_udf/7572a8db11e712fed6beb756e6c14cdfd320d48237f422b7a5b1ae764f1db134/lib/python3.11/site-packages/requests/adapters.py", line 700, in send
    raise ConnectionError(e, request=request)
requests.exceptions.ConnectionError: HTTPSConnectionPool(host='hub.getdbt.com', port=443): Max retries exceeded with url: /api/v1/index.json (Caused by NewConnectionError('<urllib3.connection.HTTPSConnection object at 0xf49335b3f610>: Failed to establish a new connection: [Errno 16] Device or resource busy'))

During handling of the above exception, another exception occurred:

Traceback (most recent call last):
  File "/usr/lib/python_udf/7572a8db11e712fed6beb756e6c14cdfd320d48237f422b7a5b1ae764f1db134/lib/python3.11/site-packages/urllib3/connection.py", line 198, in _new_conn
    sock = connection.create_connection(
           ^^^^^^^^^^^^^^^^^^^^^^^^^^^^^
  File "/usr/lib/python_udf/7572a8db11e712fed6beb756e6c14cdfd320d48237f422b7a5b1ae764f1db134/lib/python3.11/site-packages/urllib3/util/connection.py", line 60, in create_connection
    for res in socket.getaddrinfo(host, port, family, socket.SOCK_STREAM):
               ^^^^^^^^^^^^^^^^^^^^^^^^^^^^^^^^^^^^^^^^^^^^^^^^^^^^^^^^^^
  File "/usr/lib/python_udf/7572a8db11e712fed6beb756e6c14cdfd320d48237f422b7a5b1ae764f1db134/lib/python3.11/socket.py", line 974, in getaddrinfo
    for res in _socket.getaddrinfo(host, port, family, type, proto, flags):
               ^^^^^^^^^^^^^^^^^^^^^^^^^^^^^^^^^^^^^^^^^^^^^^^^^^^^^^^^^^^
OSError: [Errno 16] Device or resource busy

The above exception was the direct cause of the following exception:

Traceback (most recent call last):
  File "/usr/lib/python_udf/7572a8db11e712fed6beb756e6c14cdfd320d48237f422b7a5b1ae764f1db134/lib/python3.11/site-packages/urllib3/connectionpool.py", line 787, in urlopen
    response = self._make_request(
               ^^^^^^^^^^^^^^^^^^^
  File "/usr/lib/python_udf/7572a8db11e712fed6beb756e6c14cdfd320d48237f422b7a5b1ae764f1db134/lib/python3.11/site-packages/urllib3/connectionpool.py", line 488, in _make_request
    raise new_e
  File "/usr/lib/python_udf/7572a8db11e712fed6beb756e6c14cdfd320d48237f422b7a5b1ae764f1db134/lib/python3.11/site-packages/urllib3/connectionpool.py", line 464, in _make_request
    self._validate_conn(conn)
  File "/usr/lib/python_udf/7572a8db11e712fed6beb756e6c14cdfd320d48237f422b7a5b1ae764f1db134/lib/python3.11/site-packages/urllib3/connectionpool.py", line 1093, in _validate_conn
    conn.connect()
  File "/usr/lib/python_udf/7572a8db11e712fed6beb756e6c14cdfd320d48237f422b7a5b1ae764f1db134/lib/python3.11/site-packages/urllib3/connection.py", line 704, in connect
    self.sock = sock = self._new_conn()
                       ^^^^^^^^^^^^^^^^
  File "/usr/lib/python_udf/7572a8db11e712fed6beb756e6c14cdfd320d48237f422b7a5b1ae764f1db134/lib/python3.11/site-packages/urllib3/connection.py", line 213, in _new_conn
    raise NewConnectionError(
urllib3.exceptions.NewConnectionError: <urllib3.connection.HTTPSConnection object at 0xf49335b494d0>: Failed to establish a new connection: [Errno 16] Device or resource busy

The above exception was the direct cause of the following exception:

Traceback (most recent call last):
  File "/usr/lib/python_udf/7572a8db11e712fed6beb756e6c14cdfd320d48237f422b7a5b1ae764f1db134/lib/python3.11/site-packages/requests/adapters.py", line 667, in send
    resp = conn.urlopen(
           ^^^^^^^^^^^^^
  File "/usr/lib/python_udf/7572a8db11e712fed6beb756e6c14cdfd320d48237f422b7a5b1ae764f1db134/lib/python3.11/site-packages/urllib3/connectionpool.py", line 841, in urlopen
    retries = retries.increment(
              ^^^^^^^^^^^^^^^^^^
  File "/usr/lib/python_udf/7572a8db11e712fed6beb756e6c14cdfd320d48237f422b7a5b1ae764f1db134/lib/python3.11/site-packages/urllib3/util/retry.py", line 519, in increment
    raise MaxRetryError(_pool, url, reason) from reason  # type: ignore[arg-type]
    ^^^^^^^^^^^^^^^^^^^^^^^^^^^^^^^^^^^^^^^^^^^^^^^^^^^
urllib3.exceptions.MaxRetryError: HTTPSConnectionPool(host='hub.getdbt.com', port=443): Max retries exceeded with url: /api/v1/index.json (Caused by NewConnectionError('<urllib3.connection.HTTPSConnection object at 0xf49335b494d0>: Failed to establish a new connection: [Errno 16] Device or resource busy'))

During handling of the above exception, another exception occurred:

Traceback (most recent call last):
  File "/usr/lib/python_udf/7572a8db11e712fed6beb756e6c14cdfd320d48237f422b7a5b1ae764f1db134/lib/python3.11/site-packages/dbt_common/utils/connection.py", line 21, in connection_exception_retry
    return fn()
           ^^^^
  File "/usr/lib/python_udf/7572a8db11e712fed6beb756e6c14cdfd320d48237f422b7a5b1ae764f1db134/lib/python3.11/site-packages/dbt/clients/registry.py", line 168, in _get_index
    resp = requests.get(url, timeout=30)
           ^^^^^^^^^^^^^^^^^^^^^^^^^^^^^
  File "/usr/lib/python_udf/7572a8db11e712fed6beb756e6c14cdfd320d48237f422b7a5b1ae764f1db134/lib/python3.11/site-packages/requests/api.py", line 73, in get
    return request("get", url, params=params, **kwargs)
           ^^^^^^^^^^^^^^^^^^^^^^^^^^^^^^^^^^^^^^^^^^^^
  File "/usr/lib/python_udf/7572a8db11e712fed6beb756e6c14cdfd320d48237f422b7a5b1ae764f1db134/lib/python3.11/site-packages/requests/api.py", line 59, in request
    return session.request(method=method, url=url, **kwargs)
           ^^^^^^^^^^^^^^^^^^^^^^^^^^^^^^^^^^^^^^^^^^^^^^^^^
  File "/usr/lib/python_udf/7572a8db11e712fed6beb756e6c14cdfd320d48237f422b7a5b1ae764f1db134/lib/python3.11/site-packages/requests/sessions.py", line 589, in request
    resp = self.send(prep, **send_kwargs)
           ^^^^^^^^^^^^^^^^^^^^^^^^^^^^^^
  File "/usr/lib/python_udf/7572a8db11e712fed6beb756e6c14cdfd320d48237f422b7a5b1ae764f1db134/lib/python3.11/site-packages/requests/sessions.py", line 703, in send
    r = adapter.send(request, **kwargs)
        ^^^^^^^^^^^^^^^^^^^^^^^^^^^^^^^
  File "/usr/lib/python_udf/7572a8db11e712fed6beb756e6c14cdfd320d48237f422b7a5b1ae764f1db134/lib/python3.11/site-packages/requests/adapters.py", line 700, in send
    raise ConnectionError(e, request=request)
requests.exceptions.ConnectionError: HTTPSConnectionPool(host='hub.getdbt.com', port=443): Max retries exceeded with url: /api/v1/index.json (Caused by NewConnectionError('<urllib3.connection.HTTPSConnection object at 0xf49335b494d0>: Failed to establish a new connection: [Errno 16] Device or resource busy'))

During handling of the above exception, another exception occurred:

Traceback (most recent call last):
  File "/usr/lib/python_udf/7572a8db11e712fed6beb756e6c14cdfd320d48237f422b7a5b1ae764f1db134/lib/python3.11/site-packages/urllib3/connection.py", line 198, in _new_conn
    sock = connection.create_connection(
           ^^^^^^^^^^^^^^^^^^^^^^^^^^^^^
  File "/usr/lib/python_udf/7572a8db11e712fed6beb756e6c14cdfd320d48237f422b7a5b1ae764f1db134/lib/python3.11/site-packages/urllib3/util/connection.py", line 60, in create_connection
    for res in socket.getaddrinfo(host, port, family, socket.SOCK_STREAM):
               ^^^^^^^^^^^^^^^^^^^^^^^^^^^^^^^^^^^^^^^^^^^^^^^^^^^^^^^^^^
  File "/usr/lib/python_udf/7572a8db11e712fed6beb756e6c14cdfd320d48237f422b7a5b1ae764f1db134/lib/python3.11/socket.py", line 974, in getaddrinfo
    for res in _socket.getaddrinfo(host, port, family, type, proto, flags):
               ^^^^^^^^^^^^^^^^^^^^^^^^^^^^^^^^^^^^^^^^^^^^^^^^^^^^^^^^^^^
OSError: [Errno 16] Device or resource busy

The above exception was the direct cause of the following exception:

Traceback (most recent call last):
  File "/usr/lib/python_udf/7572a8db11e712fed6beb756e6c14cdfd320d48237f422b7a5b1ae764f1db134/lib/python3.11/site-packages/urllib3/connectionpool.py", line 787, in urlopen
    response = self._make_request(
               ^^^^^^^^^^^^^^^^^^^
  File "/usr/lib/python_udf/7572a8db11e712fed6beb756e6c14cdfd320d48237f422b7a5b1ae764f1db134/lib/python3.11/site-packages/urllib3/connectionpool.py", line 488, in _make_request
    raise new_e
  File "/usr/lib/python_udf/7572a8db11e712fed6beb756e6c14cdfd320d48237f422b7a5b1ae764f1db134/lib/python3.11/site-packages/urllib3/connectionpool.py", line 464, in _make_request
    self._validate_conn(conn)
  File "/usr/lib/python_udf/7572a8db11e712fed6beb756e6c14cdfd320d48237f422b7a5b1ae764f1db134/lib/python3.11/site-packages/urllib3/connectionpool.py", line 1093, in _validate_conn
    conn.connect()
  File "/usr/lib/python_udf/7572a8db11e712fed6beb756e6c14cdfd320d48237f422b7a5b1ae764f1db134/lib/python3.11/site-packages/urllib3/connection.py", line 704, in connect
    self.sock = sock = self._new_conn()
                       ^^^^^^^^^^^^^^^^
  File "/usr/lib/python_udf/7572a8db11e712fed6beb756e6c14cdfd320d48237f422b7a5b1ae764f1db134/lib/python3.11/site-packages/urllib3/connection.py", line 213, in _new_conn
    raise NewConnectionError(
urllib3.exceptions.NewConnectionError: <urllib3.connection.HTTPSConnection object at 0xf49335b4b350>: Failed to establish a new connection: [Errno 16] Device or resource busy

The above exception was the direct cause of the following exception:

Traceback (most recent call last):
  File "/usr/lib/python_udf/7572a8db11e712fed6beb756e6c14cdfd320d48237f422b7a5b1ae764f1db134/lib/python3.11/site-packages/requests/adapters.py", line 667, in send
    resp = conn.urlopen(
           ^^^^^^^^^^^^^
  File "/usr/lib/python_udf/7572a8db11e712fed6beb756e6c14cdfd320d48237f422b7a5b1ae764f1db134/lib/python3.11/site-packages/urllib3/connectionpool.py", line 841, in urlopen
    retries = retries.increment(
              ^^^^^^^^^^^^^^^^^^
  File "/usr/lib/python_udf/7572a8db11e712fed6beb756e6c14cdfd320d48237f422b7a5b1ae764f1db134/lib/python3.11/site-packages/urllib3/util/retry.py", line 519, in increment
    raise MaxRetryError(_pool, url, reason) from reason  # type: ignore[arg-type]
    ^^^^^^^^^^^^^^^^^^^^^^^^^^^^^^^^^^^^^^^^^^^^^^^^^^^
urllib3.exceptions.MaxRetryError: HTTPSConnectionPool(host='hub.getdbt.com', port=443): Max retries exceeded with url: /api/v1/index.json (Caused by NewConnectionError('<urllib3.connection.HTTPSConnection object at 0xf49335b4b350>: Failed to establish a new connection: [Errno 16] Device or resource busy'))

During handling of the above exception, another exception occurred:

Traceback (most recent call last):
  File "/usr/lib/python_udf/7572a8db11e712fed6beb756e6c14cdfd320d48237f422b7a5b1ae764f1db134/lib/python3.11/site-packages/dbt_common/utils/connection.py", line 21, in connection_exception_retry
    return fn()
           ^^^^
  File "/usr/lib/python_udf/7572a8db11e712fed6beb756e6c14cdfd320d48237f422b7a5b1ae764f1db134/lib/python3.11/site-packages/dbt/clients/registry.py", line 168, in _get_index
    resp = requests.get(url, timeout=30)
           ^^^^^^^^^^^^^^^^^^^^^^^^^^^^^
  File "/usr/lib/python_udf/7572a8db11e712fed6beb756e6c14cdfd320d48237f422b7a5b1ae764f1db134/lib/python3.11/site-packages/requests/api.py", line 73, in get
    return request("get", url, params=params, **kwargs)
           ^^^^^^^^^^^^^^^^^^^^^^^^^^^^^^^^^^^^^^^^^^^^
  File "/usr/lib/python_udf/7572a8db11e712fed6beb756e6c14cdfd320d48237f422b7a5b1ae764f1db134/lib/python3.11/site-packages/requests/api.py", line 59, in request
    return session.request(method=method, url=url, **kwargs)
           ^^^^^^^^^^^^^^^^^^^^^^^^^^^^^^^^^^^^^^^^^^^^^^^^^
  File "/usr/lib/python_udf/7572a8db11e712fed6beb756e6c14cdfd320d48237f422b7a5b1ae764f1db134/lib/python3.11/site-packages/requests/sessions.py", line 589, in request
    resp = self.send(prep, **send_kwargs)
           ^^^^^^^^^^^^^^^^^^^^^^^^^^^^^^
  File "/usr/lib/python_udf/7572a8db11e712fed6beb756e6c14cdfd320d48237f422b7a5b1ae764f1db134/lib/python3.11/site-packages/requests/sessions.py", line 703, in send
    r = adapter.send(request, **kwargs)
        ^^^^^^^^^^^^^^^^^^^^^^^^^^^^^^^
  File "/usr/lib/python_udf/7572a8db11e712fed6beb756e6c14cdfd320d48237f422b7a5b1ae764f1db134/lib/python3.11/site-packages/requests/adapters.py", line 700, in send
    raise ConnectionError(e, request=request)
requests.exceptions.ConnectionError: HTTPSConnectionPool(host='hub.getdbt.com', port=443): Max retries exceeded with url: /api/v1/index.json (Caused by NewConnectionError('<urllib3.connection.HTTPSConnection object at 0xf49335b4b350>: Failed to establish a new connection: [Errno 16] Device or resource busy'))

During handling of the above exception, another exception occurred:

Traceback (most recent call last):
  File "/usr/lib/python_udf/7572a8db11e712fed6beb756e6c14cdfd320d48237f422b7a5b1ae764f1db134/lib/python3.11/site-packages/urllib3/connection.py", line 198, in _new_conn
    sock = connection.create_connection(
           ^^^^^^^^^^^^^^^^^^^^^^^^^^^^^
  File "/usr/lib/python_udf/7572a8db11e712fed6beb756e6c14cdfd320d48237f422b7a5b1ae764f1db134/lib/python3.11/site-packages/urllib3/util/connection.py", line 60, in create_connection
    for res in socket.getaddrinfo(host, port, family, socket.SOCK_STREAM):
               ^^^^^^^^^^^^^^^^^^^^^^^^^^^^^^^^^^^^^^^^^^^^^^^^^^^^^^^^^^
  File "/usr/lib/python_udf/7572a8db11e712fed6beb756e6c14cdfd320d48237f422b7a5b1ae764f1db134/lib/python3.11/socket.py", line 974, in getaddrinfo
    for res in _socket.getaddrinfo(host, port, family, type, proto, flags):
               ^^^^^^^^^^^^^^^^^^^^^^^^^^^^^^^^^^^^^^^^^^^^^^^^^^^^^^^^^^^
OSError: [Errno 16] Device or resource busy

The above exception was the direct cause of the following exception:

Traceback (most recent call last):
  File "/usr/lib/python_udf/7572a8db11e712fed6beb756e6c14cdfd320d48237f422b7a5b1ae764f1db134/lib/python3.11/site-packages/urllib3/connectionpool.py", line 787, in urlopen
    response = self._make_request(
               ^^^^^^^^^^^^^^^^^^^
  File "/usr/lib/python_udf/7572a8db11e712fed6beb756e6c14cdfd320d48237f422b7a5b1ae764f1db134/lib/python3.11/site-packages/urllib3/connectionpool.py", line 488, in _make_request
    raise new_e
  File "/usr/lib/python_udf/7572a8db11e712fed6beb756e6c14cdfd320d48237f422b7a5b1ae764f1db134/lib/python3.11/site-packages/urllib3/connectionpool.py", line 464, in _make_request
    self._validate_conn(conn)
  File "/usr/lib/python_udf/7572a8db11e712fed6beb756e6c14cdfd320d48237f422b7a5b1ae764f1db134/lib/python3.11/site-packages/urllib3/connectionpool.py", line 1093, in _validate_conn
    conn.connect()
  File "/usr/lib/python_udf/7572a8db11e712fed6beb756e6c14cdfd320d48237f422b7a5b1ae764f1db134/lib/python3.11/site-packages/urllib3/connection.py", line 704, in connect
    self.sock = sock = self._new_conn()
                       ^^^^^^^^^^^^^^^^
  File "/usr/lib/python_udf/7572a8db11e712fed6beb756e6c14cdfd320d48237f422b7a5b1ae764f1db134/lib/python3.11/site-packages/urllib3/connection.py", line 213, in _new_conn
    raise NewConnectionError(
urllib3.exceptions.NewConnectionError: <urllib3.connection.HTTPSConnection object at 0xf49335b51250>: Failed to establish a new connection: [Errno 16] Device or resource busy

The above exception was the direct cause of the following exception:

Traceback (most recent call last):
  File "/usr/lib/python_udf/7572a8db11e712fed6beb756e6c14cdfd320d48237f422b7a5b1ae764f1db134/lib/python3.11/site-packages/requests/adapters.py", line 667, in send
    resp = conn.urlopen(
           ^^^^^^^^^^^^^
  File "/usr/lib/python_udf/7572a8db11e712fed6beb756e6c14cdfd320d48237f422b7a5b1ae764f1db134/lib/python3.11/site-packages/urllib3/connectionpool.py", line 841, in urlopen
    retries = retries.increment(
              ^^^^^^^^^^^^^^^^^^
  File "/usr/lib/python_udf/7572a8db11e712fed6beb756e6c14cdfd320d48237f422b7a5b1ae764f1db134/lib/python3.11/site-packages/urllib3/util/retry.py", line 519, in increment
    raise MaxRetryError(_pool, url, reason) from reason  # type: ignore[arg-type]
    ^^^^^^^^^^^^^^^^^^^^^^^^^^^^^^^^^^^^^^^^^^^^^^^^^^^
urllib3.exceptions.MaxRetryError: HTTPSConnectionPool(host='hub.getdbt.com', port=443): Max retries exceeded with url: /api/v1/index.json (Caused by NewConnectionError('<urllib3.connection.HTTPSConnection object at 0xf49335b51250>: Failed to establish a new connection: [Errno 16] Device or resource busy'))

During handling of the above exception, another exception occurred:

Traceback (most recent call last):
  File "/usr/lib/python_udf/7572a8db11e712fed6beb756e6c14cdfd320d48237f422b7a5b1ae764f1db134/lib/python3.11/site-packages/dbt_common/utils/connection.py", line 21, in connection_exception_retry
    return fn()
           ^^^^
  File "/usr/lib/python_udf/7572a8db11e712fed6beb756e6c14cdfd320d48237f422b7a5b1ae764f1db134/lib/python3.11/site-packages/dbt/clients/registry.py", line 168, in _get_index
    resp = requests.get(url, timeout=30)
           ^^^^^^^^^^^^^^^^^^^^^^^^^^^^^
  File "/usr/lib/python_udf/7572a8db11e712fed6beb756e6c14cdfd320d48237f422b7a5b1ae764f1db134/lib/python3.11/site-packages/requests/api.py", line 73, in get
    return request("get", url, params=params, **kwargs)
           ^^^^^^^^^^^^^^^^^^^^^^^^^^^^^^^^^^^^^^^^^^^^
  File "/usr/lib/python_udf/7572a8db11e712fed6beb756e6c14cdfd320d48237f422b7a5b1ae764f1db134/lib/python3.11/site-packages/requests/api.py", line 59, in request
    return session.request(method=method, url=url, **kwargs)
           ^^^^^^^^^^^^^^^^^^^^^^^^^^^^^^^^^^^^^^^^^^^^^^^^^
  File "/usr/lib/python_udf/7572a8db11e712fed6beb756e6c14cdfd320d48237f422b7a5b1ae764f1db134/lib/python3.11/site-packages/requests/sessions.py", line 589, in request
    resp = self.send(prep, **send_kwargs)
           ^^^^^^^^^^^^^^^^^^^^^^^^^^^^^^
  File "/usr/lib/python_udf/7572a8db11e712fed6beb756e6c14cdfd320d48237f422b7a5b1ae764f1db134/lib/python3.11/site-packages/requests/sessions.py", line 703, in send
    r = adapter.send(request, **kwargs)
        ^^^^^^^^^^^^^^^^^^^^^^^^^^^^^^^
  File "/usr/lib/python_udf/7572a8db11e712fed6beb756e6c14cdfd320d48237f422b7a5b1ae764f1db134/lib/python3.11/site-packages/requests/adapters.py", line 700, in send
    raise ConnectionError(e, request=request)
requests.exceptions.ConnectionError: HTTPSConnectionPool(host='hub.getdbt.com', port=443): Max retries exceeded with url: /api/v1/index.json (Caused by NewConnectionError('<urllib3.connection.HTTPSConnection object at 0xf49335b51250>: Failed to establish a new connection: [Errno 16] Device or resource busy'))

During handling of the above exception, another exception occurred:

Traceback (most recent call last):
  File "/usr/lib/python_udf/7572a8db11e712fed6beb756e6c14cdfd320d48237f422b7a5b1ae764f1db134/lib/python3.11/site-packages/dbt/cli/requires.py", line 153, in wrapper
    result, success = func(*args, **kwargs)
                      ^^^^^^^^^^^^^^^^^^^^^
  File "/usr/lib/python_udf/7572a8db11e712fed6beb756e6c14cdfd320d48237f422b7a5b1ae764f1db134/lib/python3.11/site-packages/dbt/cli/requires.py", line 103, in wrapper
    return func(*args, **kwargs)
           ^^^^^^^^^^^^^^^^^^^^^
  File "/usr/lib/python_udf/7572a8db11e712fed6beb756e6c14cdfd320d48237f422b7a5b1ae764f1db134/lib/python3.11/site-packages/dbt/cli/requires.py", line 218, in wrapper
    return func(*args, **kwargs)
           ^^^^^^^^^^^^^^^^^^^^^
  File "/usr/lib/python_udf/7572a8db11e712fed6beb756e6c14cdfd320d48237f422b7a5b1ae764f1db134/lib/python3.11/site-packages/dbt/cli/requires.py", line 264, in wrapper
    return func(*args, **kwargs)
           ^^^^^^^^^^^^^^^^^^^^^
  File "/usr/lib/python_udf/7572a8db11e712fed6beb756e6c14cdfd320d48237f422b7a5b1ae764f1db134/lib/python3.11/site-packages/dbt/cli/main.py", line 455, in deps
    results = task.run()
              ^^^^^^^^^^
  File "/usr/lib/python_udf/7572a8db11e712fed6beb756e6c14cdfd320d48237f422b7a5b1ae764f1db134/lib/python3.11/site-packages/dbt/task/deps.py", line 211, in run
    self.lock()
  File "/usr/lib/python_udf/7572a8db11e712fed6beb756e6c14cdfd320d48237f422b7a5b1ae764f1db134/lib/python3.11/site-packages/dbt/task/deps.py", line 187, in lock
    resolved_deps = resolve_packages(packages, self.project, self.cli_vars)
                    ^^^^^^^^^^^^^^^^^^^^^^^^^^^^^^^^^^^^^^^^^^^^^^^^^^^^^^^
  File "/usr/lib/python_udf/7572a8db11e712fed6beb756e6c14cdfd320d48237f422b7a5b1ae764f1db134/lib/python3.11/site-packages/dbt/deps/resolver.py", line 131, in resolve_packages
    target = final[package].resolved().fetch_metadata(project, renderer)
             ^^^^^^^^^^^^^^^^^^^^^^^^^
  File "/usr/lib/python_udf/7572a8db11e712fed6beb756e6c14cdfd320d48237f422b7a5b1ae764f1db134/lib/python3.11/site-packages/dbt/deps/registry.py", line 98, in resolved
    self._check_in_index()
  File "/usr/lib/python_udf/7572a8db11e712fed6beb756e6c14cdfd320d48237f422b7a5b1ae764f1db134/lib/python3.11/site-packages/dbt/deps/registry.py", line 75, in _check_in_index
    index = registry.index_cached()
            ^^^^^^^^^^^^^^^^^^^^^^^
  File "/usr/lib/python_udf/7572a8db11e712fed6beb756e6c14cdfd320d48237f422b7a5b1ae764f1db134/lib/python3.11/site-packages/dbt/utils.py", line 127, in __call__
    value = self.func(*args)
            ^^^^^^^^^^^^^^^^
  File "/usr/lib/python_udf/7572a8db11e712fed6beb756e6c14cdfd320d48237f422b7a5b1ae764f1db134/lib/python3.11/site-packages/dbt/clients/registry.py", line 189, in index
    return connection_exception_retry(get_index_fn, 5)
           ^^^^^^^^^^^^^^^^^^^^^^^^^^^^^^^^^^^^^^^^^^^
  File "/usr/lib/python_udf/7572a8db11e712fed6beb756e6c14cdfd320d48237f422b7a5b1ae764f1db134/lib/python3.11/site-packages/dbt_common/utils/connection.py", line 34, in connection_exception_retry
    return connection_exception_retry(fn, max_attempts, attempt + 1)
           ^^^^^^^^^^^^^^^^^^^^^^^^^^^^^^^^^^^^^^^^^^^^^^^^^^^^^^^^^
  File "/usr/lib/python_udf/7572a8db11e712fed6beb756e6c14cdfd320d48237f422b7a5b1ae764f1db134/lib/python3.11/site-packages/dbt_common/utils/connection.py", line 34, in connection_exception_retry
    return connection_exception_retry(fn, max_attempts, attempt + 1)
           ^^^^^^^^^^^^^^^^^^^^^^^^^^^^^^^^^^^^^^^^^^^^^^^^^^^^^^^^^
  File "/usr/lib/python_udf/7572a8db11e712fed6beb756e6c14cdfd320d48237f422b7a5b1ae764f1db134/lib/python3.11/site-packages/dbt_common/utils/connection.py", line 34, in connection_exception_retry
    return connection_exception_retry(fn, max_attempts, attempt + 1)
           ^^^^^^^^^^^^^^^^^^^^^^^^^^^^^^^^^^^^^^^^^^^^^^^^^^^^^^^^^
  [Previous line repeated 2 more times]
  File "/usr/lib/python_udf/7572a8db11e712fed6beb756e6c14cdfd320d48237f422b7a5b1ae764f1db134/lib/python3.11/site-packages/dbt_common/utils/connection.py", line 36, in connection_exception_retry
    raise ConnectionError("External connection exception occurred: " + str(exc))
dbt_common.exceptions.connection.ConnectionError: External connection exception occurred: HTTPSConnectionPool(host='hub.getdbt.com', port=443): Max retries exceeded with url: /api/v1/index.json (Caused by NewConnectionError('<urllib3.connection.HTTPSConnection object at 0xf49335b51250>: Failed to establish a new connection: [Errno 16] Device or resource busy'))

[0m16:59:36.546435 [debug] [Dummy-1   ]: Resource report: {"command_name": "deps", "command_success": false, "command_wall_clock_time": 5.4052315, "process_in_blocks": "0", "process_kernel_time": 1.12, "process_mem_max_rss": "401912", "process_out_blocks": "0", "process_user_time": 4.25}
[0m16:59:36.547300 [debug] [Dummy-1   ]: Command `cli deps` failed at 16:59:36.546906 after 5.41 seconds
[0m16:59:36.548013 [debug] [Dummy-1   ]: Flushing usage events


============================== 17:01:24.570652 | f0ea7fa8-ee45-4894-9cb3-89a397d67c20 ==============================
[0m17:01:24.570652 [info ] [Dummy-1   ]: Running with dbt=1.9.4
[0m17:01:24.571943 [debug] [Dummy-1   ]: running dbt with arguments {'printer_width': '80', 'indirect_selection': 'eager', 'write_json': 'True', 'log_cache_events': 'False', 'partial_parse': 'True', 'cache_selected_only': 'False', 'warn_error': 'None', 'version_check': 'True', 'debug': 'False', 'log_path': '/tmp/dbt/logs', 'fail_fast': 'False', 'profiles_dir': '/tmp/dbt/', 'use_colors': 'True', 'use_experimental_parser': 'False', 'no_print': 'None', 'quiet': 'False', 'empty': 'None', 'log_format': 'default', 'static_parser': 'True', 'invocation_command': 'dbt ', 'introspect': 'True', 'target_path': 'None', 'warn_error_options': 'WarnErrorOptions(include=[], exclude=[])', 'send_anonymous_usage_stats': 'False'}
[0m17:01:24.828691 [debug] [Dummy-1   ]: Set downloads directory='/tmp/dbt-downloads-fhfq1jyu'
[0m17:01:24.829916 [debug] [Dummy-1   ]: Making package index registry request: GET https://hub.getdbt.com/api/v1/index.json
[0m17:01:24.835374 [debug] [Dummy-1   ]: External call exception: HTTPSConnectionPool(host='hub.getdbt.com', port=443): Max retries exceeded with url: /api/v1/index.json (Caused by NewConnectionError('<urllib3.connection.HTTPSConnection object at 0xf2f49b527f10>: Failed to establish a new connection: [Errno 16] Device or resource busy'))
[0m17:01:24.836144 [debug] [Dummy-1   ]: Retrying external call. Attempt: 0 Max attempts: 5
[0m17:01:25.837850 [debug] [Dummy-1   ]: Making package index registry request: GET https://hub.getdbt.com/api/v1/index.json
[0m17:01:25.840566 [debug] [Dummy-1   ]: External call exception: HTTPSConnectionPool(host='hub.getdbt.com', port=443): Max retries exceeded with url: /api/v1/index.json (Caused by NewConnectionError('<urllib3.connection.HTTPSConnection object at 0xf2f49b53a290>: Failed to establish a new connection: [Errno 16] Device or resource busy'))
[0m17:01:25.841318 [debug] [Dummy-1   ]: Retrying external call. Attempt: 1 Max attempts: 5
[0m17:01:26.843200 [debug] [Dummy-1   ]: Making package index registry request: GET https://hub.getdbt.com/api/v1/index.json
[0m17:01:26.845745 [debug] [Dummy-1   ]: External call exception: HTTPSConnectionPool(host='hub.getdbt.com', port=443): Max retries exceeded with url: /api/v1/index.json (Caused by NewConnectionError('<urllib3.connection.HTTPSConnection object at 0xf2f49b548150>: Failed to establish a new connection: [Errno 16] Device or resource busy'))
[0m17:01:26.846469 [debug] [Dummy-1   ]: Retrying external call. Attempt: 2 Max attempts: 5
[0m17:01:27.848009 [debug] [Dummy-1   ]: Making package index registry request: GET https://hub.getdbt.com/api/v1/index.json
[0m17:01:27.850606 [debug] [Dummy-1   ]: External call exception: HTTPSConnectionPool(host='hub.getdbt.com', port=443): Max retries exceeded with url: /api/v1/index.json (Caused by NewConnectionError('<urllib3.connection.HTTPSConnection object at 0xf2f49b549fd0>: Failed to establish a new connection: [Errno 16] Device or resource busy'))
[0m17:01:27.851333 [debug] [Dummy-1   ]: Retrying external call. Attempt: 3 Max attempts: 5
[0m17:01:28.852929 [debug] [Dummy-1   ]: Making package index registry request: GET https://hub.getdbt.com/api/v1/index.json
[0m17:01:28.855554 [debug] [Dummy-1   ]: External call exception: HTTPSConnectionPool(host='hub.getdbt.com', port=443): Max retries exceeded with url: /api/v1/index.json (Caused by NewConnectionError('<urllib3.connection.HTTPSConnection object at 0xf2f49b54bd90>: Failed to establish a new connection: [Errno 16] Device or resource busy'))
[0m17:01:28.856260 [debug] [Dummy-1   ]: Retrying external call. Attempt: 4 Max attempts: 5
[0m17:01:29.857447 [debug] [Dummy-1   ]: Making package index registry request: GET https://hub.getdbt.com/api/v1/index.json
[0m17:01:29.860023 [error] [Dummy-1   ]: Encountered an error:
External connection exception occurred: HTTPSConnectionPool(host='hub.getdbt.com', port=443): Max retries exceeded with url: /api/v1/index.json (Caused by NewConnectionError('<urllib3.connection.HTTPSConnection object at 0xf2f49b54dcd0>: Failed to establish a new connection: [Errno 16] Device or resource busy'))
[0m17:01:29.882517 [error] [Dummy-1   ]: Traceback (most recent call last):
  File "/usr/lib/python_udf/7572a8db11e712fed6beb756e6c14cdfd320d48237f422b7a5b1ae764f1db134/lib/python3.11/site-packages/urllib3/connection.py", line 198, in _new_conn
    sock = connection.create_connection(
           ^^^^^^^^^^^^^^^^^^^^^^^^^^^^^
  File "/usr/lib/python_udf/7572a8db11e712fed6beb756e6c14cdfd320d48237f422b7a5b1ae764f1db134/lib/python3.11/site-packages/urllib3/util/connection.py", line 60, in create_connection
    for res in socket.getaddrinfo(host, port, family, socket.SOCK_STREAM):
               ^^^^^^^^^^^^^^^^^^^^^^^^^^^^^^^^^^^^^^^^^^^^^^^^^^^^^^^^^^
  File "/usr/lib/python_udf/7572a8db11e712fed6beb756e6c14cdfd320d48237f422b7a5b1ae764f1db134/lib/python3.11/socket.py", line 974, in getaddrinfo
    for res in _socket.getaddrinfo(host, port, family, type, proto, flags):
               ^^^^^^^^^^^^^^^^^^^^^^^^^^^^^^^^^^^^^^^^^^^^^^^^^^^^^^^^^^^
OSError: [Errno 16] Device or resource busy

The above exception was the direct cause of the following exception:

Traceback (most recent call last):
  File "/usr/lib/python_udf/7572a8db11e712fed6beb756e6c14cdfd320d48237f422b7a5b1ae764f1db134/lib/python3.11/site-packages/urllib3/connectionpool.py", line 787, in urlopen
    response = self._make_request(
               ^^^^^^^^^^^^^^^^^^^
  File "/usr/lib/python_udf/7572a8db11e712fed6beb756e6c14cdfd320d48237f422b7a5b1ae764f1db134/lib/python3.11/site-packages/urllib3/connectionpool.py", line 488, in _make_request
    raise new_e
  File "/usr/lib/python_udf/7572a8db11e712fed6beb756e6c14cdfd320d48237f422b7a5b1ae764f1db134/lib/python3.11/site-packages/urllib3/connectionpool.py", line 464, in _make_request
    self._validate_conn(conn)
  File "/usr/lib/python_udf/7572a8db11e712fed6beb756e6c14cdfd320d48237f422b7a5b1ae764f1db134/lib/python3.11/site-packages/urllib3/connectionpool.py", line 1093, in _validate_conn
    conn.connect()
  File "/usr/lib/python_udf/7572a8db11e712fed6beb756e6c14cdfd320d48237f422b7a5b1ae764f1db134/lib/python3.11/site-packages/urllib3/connection.py", line 704, in connect
    self.sock = sock = self._new_conn()
                       ^^^^^^^^^^^^^^^^
  File "/usr/lib/python_udf/7572a8db11e712fed6beb756e6c14cdfd320d48237f422b7a5b1ae764f1db134/lib/python3.11/site-packages/urllib3/connection.py", line 213, in _new_conn
    raise NewConnectionError(
urllib3.exceptions.NewConnectionError: <urllib3.connection.HTTPSConnection object at 0xf2f49b527f10>: Failed to establish a new connection: [Errno 16] Device or resource busy

The above exception was the direct cause of the following exception:

Traceback (most recent call last):
  File "/usr/lib/python_udf/7572a8db11e712fed6beb756e6c14cdfd320d48237f422b7a5b1ae764f1db134/lib/python3.11/site-packages/requests/adapters.py", line 667, in send
    resp = conn.urlopen(
           ^^^^^^^^^^^^^
  File "/usr/lib/python_udf/7572a8db11e712fed6beb756e6c14cdfd320d48237f422b7a5b1ae764f1db134/lib/python3.11/site-packages/urllib3/connectionpool.py", line 841, in urlopen
    retries = retries.increment(
              ^^^^^^^^^^^^^^^^^^
  File "/usr/lib/python_udf/7572a8db11e712fed6beb756e6c14cdfd320d48237f422b7a5b1ae764f1db134/lib/python3.11/site-packages/urllib3/util/retry.py", line 519, in increment
    raise MaxRetryError(_pool, url, reason) from reason  # type: ignore[arg-type]
    ^^^^^^^^^^^^^^^^^^^^^^^^^^^^^^^^^^^^^^^^^^^^^^^^^^^
urllib3.exceptions.MaxRetryError: HTTPSConnectionPool(host='hub.getdbt.com', port=443): Max retries exceeded with url: /api/v1/index.json (Caused by NewConnectionError('<urllib3.connection.HTTPSConnection object at 0xf2f49b527f10>: Failed to establish a new connection: [Errno 16] Device or resource busy'))

During handling of the above exception, another exception occurred:

Traceback (most recent call last):
  File "/usr/lib/python_udf/7572a8db11e712fed6beb756e6c14cdfd320d48237f422b7a5b1ae764f1db134/lib/python3.11/site-packages/dbt_common/utils/connection.py", line 21, in connection_exception_retry
    return fn()
           ^^^^
  File "/usr/lib/python_udf/7572a8db11e712fed6beb756e6c14cdfd320d48237f422b7a5b1ae764f1db134/lib/python3.11/site-packages/dbt/clients/registry.py", line 168, in _get_index
    resp = requests.get(url, timeout=30)
           ^^^^^^^^^^^^^^^^^^^^^^^^^^^^^
  File "/usr/lib/python_udf/7572a8db11e712fed6beb756e6c14cdfd320d48237f422b7a5b1ae764f1db134/lib/python3.11/site-packages/requests/api.py", line 73, in get
    return request("get", url, params=params, **kwargs)
           ^^^^^^^^^^^^^^^^^^^^^^^^^^^^^^^^^^^^^^^^^^^^
  File "/usr/lib/python_udf/7572a8db11e712fed6beb756e6c14cdfd320d48237f422b7a5b1ae764f1db134/lib/python3.11/site-packages/requests/api.py", line 59, in request
    return session.request(method=method, url=url, **kwargs)
           ^^^^^^^^^^^^^^^^^^^^^^^^^^^^^^^^^^^^^^^^^^^^^^^^^
  File "/usr/lib/python_udf/7572a8db11e712fed6beb756e6c14cdfd320d48237f422b7a5b1ae764f1db134/lib/python3.11/site-packages/requests/sessions.py", line 589, in request
    resp = self.send(prep, **send_kwargs)
           ^^^^^^^^^^^^^^^^^^^^^^^^^^^^^^
  File "/usr/lib/python_udf/7572a8db11e712fed6beb756e6c14cdfd320d48237f422b7a5b1ae764f1db134/lib/python3.11/site-packages/requests/sessions.py", line 703, in send
    r = adapter.send(request, **kwargs)
        ^^^^^^^^^^^^^^^^^^^^^^^^^^^^^^^
  File "/usr/lib/python_udf/7572a8db11e712fed6beb756e6c14cdfd320d48237f422b7a5b1ae764f1db134/lib/python3.11/site-packages/requests/adapters.py", line 700, in send
    raise ConnectionError(e, request=request)
requests.exceptions.ConnectionError: HTTPSConnectionPool(host='hub.getdbt.com', port=443): Max retries exceeded with url: /api/v1/index.json (Caused by NewConnectionError('<urllib3.connection.HTTPSConnection object at 0xf2f49b527f10>: Failed to establish a new connection: [Errno 16] Device or resource busy'))

During handling of the above exception, another exception occurred:

Traceback (most recent call last):
  File "/usr/lib/python_udf/7572a8db11e712fed6beb756e6c14cdfd320d48237f422b7a5b1ae764f1db134/lib/python3.11/site-packages/urllib3/connection.py", line 198, in _new_conn
    sock = connection.create_connection(
           ^^^^^^^^^^^^^^^^^^^^^^^^^^^^^
  File "/usr/lib/python_udf/7572a8db11e712fed6beb756e6c14cdfd320d48237f422b7a5b1ae764f1db134/lib/python3.11/site-packages/urllib3/util/connection.py", line 60, in create_connection
    for res in socket.getaddrinfo(host, port, family, socket.SOCK_STREAM):
               ^^^^^^^^^^^^^^^^^^^^^^^^^^^^^^^^^^^^^^^^^^^^^^^^^^^^^^^^^^
  File "/usr/lib/python_udf/7572a8db11e712fed6beb756e6c14cdfd320d48237f422b7a5b1ae764f1db134/lib/python3.11/socket.py", line 974, in getaddrinfo
    for res in _socket.getaddrinfo(host, port, family, type, proto, flags):
               ^^^^^^^^^^^^^^^^^^^^^^^^^^^^^^^^^^^^^^^^^^^^^^^^^^^^^^^^^^^
OSError: [Errno 16] Device or resource busy

The above exception was the direct cause of the following exception:

Traceback (most recent call last):
  File "/usr/lib/python_udf/7572a8db11e712fed6beb756e6c14cdfd320d48237f422b7a5b1ae764f1db134/lib/python3.11/site-packages/urllib3/connectionpool.py", line 787, in urlopen
    response = self._make_request(
               ^^^^^^^^^^^^^^^^^^^
  File "/usr/lib/python_udf/7572a8db11e712fed6beb756e6c14cdfd320d48237f422b7a5b1ae764f1db134/lib/python3.11/site-packages/urllib3/connectionpool.py", line 488, in _make_request
    raise new_e
  File "/usr/lib/python_udf/7572a8db11e712fed6beb756e6c14cdfd320d48237f422b7a5b1ae764f1db134/lib/python3.11/site-packages/urllib3/connectionpool.py", line 464, in _make_request
    self._validate_conn(conn)
  File "/usr/lib/python_udf/7572a8db11e712fed6beb756e6c14cdfd320d48237f422b7a5b1ae764f1db134/lib/python3.11/site-packages/urllib3/connectionpool.py", line 1093, in _validate_conn
    conn.connect()
  File "/usr/lib/python_udf/7572a8db11e712fed6beb756e6c14cdfd320d48237f422b7a5b1ae764f1db134/lib/python3.11/site-packages/urllib3/connection.py", line 704, in connect
    self.sock = sock = self._new_conn()
                       ^^^^^^^^^^^^^^^^
  File "/usr/lib/python_udf/7572a8db11e712fed6beb756e6c14cdfd320d48237f422b7a5b1ae764f1db134/lib/python3.11/site-packages/urllib3/connection.py", line 213, in _new_conn
    raise NewConnectionError(
urllib3.exceptions.NewConnectionError: <urllib3.connection.HTTPSConnection object at 0xf2f49b53a290>: Failed to establish a new connection: [Errno 16] Device or resource busy

The above exception was the direct cause of the following exception:

Traceback (most recent call last):
  File "/usr/lib/python_udf/7572a8db11e712fed6beb756e6c14cdfd320d48237f422b7a5b1ae764f1db134/lib/python3.11/site-packages/requests/adapters.py", line 667, in send
    resp = conn.urlopen(
           ^^^^^^^^^^^^^
  File "/usr/lib/python_udf/7572a8db11e712fed6beb756e6c14cdfd320d48237f422b7a5b1ae764f1db134/lib/python3.11/site-packages/urllib3/connectionpool.py", line 841, in urlopen
    retries = retries.increment(
              ^^^^^^^^^^^^^^^^^^
  File "/usr/lib/python_udf/7572a8db11e712fed6beb756e6c14cdfd320d48237f422b7a5b1ae764f1db134/lib/python3.11/site-packages/urllib3/util/retry.py", line 519, in increment
    raise MaxRetryError(_pool, url, reason) from reason  # type: ignore[arg-type]
    ^^^^^^^^^^^^^^^^^^^^^^^^^^^^^^^^^^^^^^^^^^^^^^^^^^^
urllib3.exceptions.MaxRetryError: HTTPSConnectionPool(host='hub.getdbt.com', port=443): Max retries exceeded with url: /api/v1/index.json (Caused by NewConnectionError('<urllib3.connection.HTTPSConnection object at 0xf2f49b53a290>: Failed to establish a new connection: [Errno 16] Device or resource busy'))

During handling of the above exception, another exception occurred:

Traceback (most recent call last):
  File "/usr/lib/python_udf/7572a8db11e712fed6beb756e6c14cdfd320d48237f422b7a5b1ae764f1db134/lib/python3.11/site-packages/dbt_common/utils/connection.py", line 21, in connection_exception_retry
    return fn()
           ^^^^
  File "/usr/lib/python_udf/7572a8db11e712fed6beb756e6c14cdfd320d48237f422b7a5b1ae764f1db134/lib/python3.11/site-packages/dbt/clients/registry.py", line 168, in _get_index
    resp = requests.get(url, timeout=30)
           ^^^^^^^^^^^^^^^^^^^^^^^^^^^^^
  File "/usr/lib/python_udf/7572a8db11e712fed6beb756e6c14cdfd320d48237f422b7a5b1ae764f1db134/lib/python3.11/site-packages/requests/api.py", line 73, in get
    return request("get", url, params=params, **kwargs)
           ^^^^^^^^^^^^^^^^^^^^^^^^^^^^^^^^^^^^^^^^^^^^
  File "/usr/lib/python_udf/7572a8db11e712fed6beb756e6c14cdfd320d48237f422b7a5b1ae764f1db134/lib/python3.11/site-packages/requests/api.py", line 59, in request
    return session.request(method=method, url=url, **kwargs)
           ^^^^^^^^^^^^^^^^^^^^^^^^^^^^^^^^^^^^^^^^^^^^^^^^^
  File "/usr/lib/python_udf/7572a8db11e712fed6beb756e6c14cdfd320d48237f422b7a5b1ae764f1db134/lib/python3.11/site-packages/requests/sessions.py", line 589, in request
    resp = self.send(prep, **send_kwargs)
           ^^^^^^^^^^^^^^^^^^^^^^^^^^^^^^
  File "/usr/lib/python_udf/7572a8db11e712fed6beb756e6c14cdfd320d48237f422b7a5b1ae764f1db134/lib/python3.11/site-packages/requests/sessions.py", line 703, in send
    r = adapter.send(request, **kwargs)
        ^^^^^^^^^^^^^^^^^^^^^^^^^^^^^^^
  File "/usr/lib/python_udf/7572a8db11e712fed6beb756e6c14cdfd320d48237f422b7a5b1ae764f1db134/lib/python3.11/site-packages/requests/adapters.py", line 700, in send
    raise ConnectionError(e, request=request)
requests.exceptions.ConnectionError: HTTPSConnectionPool(host='hub.getdbt.com', port=443): Max retries exceeded with url: /api/v1/index.json (Caused by NewConnectionError('<urllib3.connection.HTTPSConnection object at 0xf2f49b53a290>: Failed to establish a new connection: [Errno 16] Device or resource busy'))

During handling of the above exception, another exception occurred:

Traceback (most recent call last):
  File "/usr/lib/python_udf/7572a8db11e712fed6beb756e6c14cdfd320d48237f422b7a5b1ae764f1db134/lib/python3.11/site-packages/urllib3/connection.py", line 198, in _new_conn
    sock = connection.create_connection(
           ^^^^^^^^^^^^^^^^^^^^^^^^^^^^^
  File "/usr/lib/python_udf/7572a8db11e712fed6beb756e6c14cdfd320d48237f422b7a5b1ae764f1db134/lib/python3.11/site-packages/urllib3/util/connection.py", line 60, in create_connection
    for res in socket.getaddrinfo(host, port, family, socket.SOCK_STREAM):
               ^^^^^^^^^^^^^^^^^^^^^^^^^^^^^^^^^^^^^^^^^^^^^^^^^^^^^^^^^^
  File "/usr/lib/python_udf/7572a8db11e712fed6beb756e6c14cdfd320d48237f422b7a5b1ae764f1db134/lib/python3.11/socket.py", line 974, in getaddrinfo
    for res in _socket.getaddrinfo(host, port, family, type, proto, flags):
               ^^^^^^^^^^^^^^^^^^^^^^^^^^^^^^^^^^^^^^^^^^^^^^^^^^^^^^^^^^^
OSError: [Errno 16] Device or resource busy

The above exception was the direct cause of the following exception:

Traceback (most recent call last):
  File "/usr/lib/python_udf/7572a8db11e712fed6beb756e6c14cdfd320d48237f422b7a5b1ae764f1db134/lib/python3.11/site-packages/urllib3/connectionpool.py", line 787, in urlopen
    response = self._make_request(
               ^^^^^^^^^^^^^^^^^^^
  File "/usr/lib/python_udf/7572a8db11e712fed6beb756e6c14cdfd320d48237f422b7a5b1ae764f1db134/lib/python3.11/site-packages/urllib3/connectionpool.py", line 488, in _make_request
    raise new_e
  File "/usr/lib/python_udf/7572a8db11e712fed6beb756e6c14cdfd320d48237f422b7a5b1ae764f1db134/lib/python3.11/site-packages/urllib3/connectionpool.py", line 464, in _make_request
    self._validate_conn(conn)
  File "/usr/lib/python_udf/7572a8db11e712fed6beb756e6c14cdfd320d48237f422b7a5b1ae764f1db134/lib/python3.11/site-packages/urllib3/connectionpool.py", line 1093, in _validate_conn
    conn.connect()
  File "/usr/lib/python_udf/7572a8db11e712fed6beb756e6c14cdfd320d48237f422b7a5b1ae764f1db134/lib/python3.11/site-packages/urllib3/connection.py", line 704, in connect
    self.sock = sock = self._new_conn()
                       ^^^^^^^^^^^^^^^^
  File "/usr/lib/python_udf/7572a8db11e712fed6beb756e6c14cdfd320d48237f422b7a5b1ae764f1db134/lib/python3.11/site-packages/urllib3/connection.py", line 213, in _new_conn
    raise NewConnectionError(
urllib3.exceptions.NewConnectionError: <urllib3.connection.HTTPSConnection object at 0xf2f49b548150>: Failed to establish a new connection: [Errno 16] Device or resource busy

The above exception was the direct cause of the following exception:

Traceback (most recent call last):
  File "/usr/lib/python_udf/7572a8db11e712fed6beb756e6c14cdfd320d48237f422b7a5b1ae764f1db134/lib/python3.11/site-packages/requests/adapters.py", line 667, in send
    resp = conn.urlopen(
           ^^^^^^^^^^^^^
  File "/usr/lib/python_udf/7572a8db11e712fed6beb756e6c14cdfd320d48237f422b7a5b1ae764f1db134/lib/python3.11/site-packages/urllib3/connectionpool.py", line 841, in urlopen
    retries = retries.increment(
              ^^^^^^^^^^^^^^^^^^
  File "/usr/lib/python_udf/7572a8db11e712fed6beb756e6c14cdfd320d48237f422b7a5b1ae764f1db134/lib/python3.11/site-packages/urllib3/util/retry.py", line 519, in increment
    raise MaxRetryError(_pool, url, reason) from reason  # type: ignore[arg-type]
    ^^^^^^^^^^^^^^^^^^^^^^^^^^^^^^^^^^^^^^^^^^^^^^^^^^^
urllib3.exceptions.MaxRetryError: HTTPSConnectionPool(host='hub.getdbt.com', port=443): Max retries exceeded with url: /api/v1/index.json (Caused by NewConnectionError('<urllib3.connection.HTTPSConnection object at 0xf2f49b548150>: Failed to establish a new connection: [Errno 16] Device or resource busy'))

During handling of the above exception, another exception occurred:

Traceback (most recent call last):
  File "/usr/lib/python_udf/7572a8db11e712fed6beb756e6c14cdfd320d48237f422b7a5b1ae764f1db134/lib/python3.11/site-packages/dbt_common/utils/connection.py", line 21, in connection_exception_retry
    return fn()
           ^^^^
  File "/usr/lib/python_udf/7572a8db11e712fed6beb756e6c14cdfd320d48237f422b7a5b1ae764f1db134/lib/python3.11/site-packages/dbt/clients/registry.py", line 168, in _get_index
    resp = requests.get(url, timeout=30)
           ^^^^^^^^^^^^^^^^^^^^^^^^^^^^^
  File "/usr/lib/python_udf/7572a8db11e712fed6beb756e6c14cdfd320d48237f422b7a5b1ae764f1db134/lib/python3.11/site-packages/requests/api.py", line 73, in get
    return request("get", url, params=params, **kwargs)
           ^^^^^^^^^^^^^^^^^^^^^^^^^^^^^^^^^^^^^^^^^^^^
  File "/usr/lib/python_udf/7572a8db11e712fed6beb756e6c14cdfd320d48237f422b7a5b1ae764f1db134/lib/python3.11/site-packages/requests/api.py", line 59, in request
    return session.request(method=method, url=url, **kwargs)
           ^^^^^^^^^^^^^^^^^^^^^^^^^^^^^^^^^^^^^^^^^^^^^^^^^
  File "/usr/lib/python_udf/7572a8db11e712fed6beb756e6c14cdfd320d48237f422b7a5b1ae764f1db134/lib/python3.11/site-packages/requests/sessions.py", line 589, in request
    resp = self.send(prep, **send_kwargs)
           ^^^^^^^^^^^^^^^^^^^^^^^^^^^^^^
  File "/usr/lib/python_udf/7572a8db11e712fed6beb756e6c14cdfd320d48237f422b7a5b1ae764f1db134/lib/python3.11/site-packages/requests/sessions.py", line 703, in send
    r = adapter.send(request, **kwargs)
        ^^^^^^^^^^^^^^^^^^^^^^^^^^^^^^^
  File "/usr/lib/python_udf/7572a8db11e712fed6beb756e6c14cdfd320d48237f422b7a5b1ae764f1db134/lib/python3.11/site-packages/requests/adapters.py", line 700, in send
    raise ConnectionError(e, request=request)
requests.exceptions.ConnectionError: HTTPSConnectionPool(host='hub.getdbt.com', port=443): Max retries exceeded with url: /api/v1/index.json (Caused by NewConnectionError('<urllib3.connection.HTTPSConnection object at 0xf2f49b548150>: Failed to establish a new connection: [Errno 16] Device or resource busy'))

During handling of the above exception, another exception occurred:

Traceback (most recent call last):
  File "/usr/lib/python_udf/7572a8db11e712fed6beb756e6c14cdfd320d48237f422b7a5b1ae764f1db134/lib/python3.11/site-packages/urllib3/connection.py", line 198, in _new_conn
    sock = connection.create_connection(
           ^^^^^^^^^^^^^^^^^^^^^^^^^^^^^
  File "/usr/lib/python_udf/7572a8db11e712fed6beb756e6c14cdfd320d48237f422b7a5b1ae764f1db134/lib/python3.11/site-packages/urllib3/util/connection.py", line 60, in create_connection
    for res in socket.getaddrinfo(host, port, family, socket.SOCK_STREAM):
               ^^^^^^^^^^^^^^^^^^^^^^^^^^^^^^^^^^^^^^^^^^^^^^^^^^^^^^^^^^
  File "/usr/lib/python_udf/7572a8db11e712fed6beb756e6c14cdfd320d48237f422b7a5b1ae764f1db134/lib/python3.11/socket.py", line 974, in getaddrinfo
    for res in _socket.getaddrinfo(host, port, family, type, proto, flags):
               ^^^^^^^^^^^^^^^^^^^^^^^^^^^^^^^^^^^^^^^^^^^^^^^^^^^^^^^^^^^
OSError: [Errno 16] Device or resource busy

The above exception was the direct cause of the following exception:

Traceback (most recent call last):
  File "/usr/lib/python_udf/7572a8db11e712fed6beb756e6c14cdfd320d48237f422b7a5b1ae764f1db134/lib/python3.11/site-packages/urllib3/connectionpool.py", line 787, in urlopen
    response = self._make_request(
               ^^^^^^^^^^^^^^^^^^^
  File "/usr/lib/python_udf/7572a8db11e712fed6beb756e6c14cdfd320d48237f422b7a5b1ae764f1db134/lib/python3.11/site-packages/urllib3/connectionpool.py", line 488, in _make_request
    raise new_e
  File "/usr/lib/python_udf/7572a8db11e712fed6beb756e6c14cdfd320d48237f422b7a5b1ae764f1db134/lib/python3.11/site-packages/urllib3/connectionpool.py", line 464, in _make_request
    self._validate_conn(conn)
  File "/usr/lib/python_udf/7572a8db11e712fed6beb756e6c14cdfd320d48237f422b7a5b1ae764f1db134/lib/python3.11/site-packages/urllib3/connectionpool.py", line 1093, in _validate_conn
    conn.connect()
  File "/usr/lib/python_udf/7572a8db11e712fed6beb756e6c14cdfd320d48237f422b7a5b1ae764f1db134/lib/python3.11/site-packages/urllib3/connection.py", line 704, in connect
    self.sock = sock = self._new_conn()
                       ^^^^^^^^^^^^^^^^
  File "/usr/lib/python_udf/7572a8db11e712fed6beb756e6c14cdfd320d48237f422b7a5b1ae764f1db134/lib/python3.11/site-packages/urllib3/connection.py", line 213, in _new_conn
    raise NewConnectionError(
urllib3.exceptions.NewConnectionError: <urllib3.connection.HTTPSConnection object at 0xf2f49b549fd0>: Failed to establish a new connection: [Errno 16] Device or resource busy

The above exception was the direct cause of the following exception:

Traceback (most recent call last):
  File "/usr/lib/python_udf/7572a8db11e712fed6beb756e6c14cdfd320d48237f422b7a5b1ae764f1db134/lib/python3.11/site-packages/requests/adapters.py", line 667, in send
    resp = conn.urlopen(
           ^^^^^^^^^^^^^
  File "/usr/lib/python_udf/7572a8db11e712fed6beb756e6c14cdfd320d48237f422b7a5b1ae764f1db134/lib/python3.11/site-packages/urllib3/connectionpool.py", line 841, in urlopen
    retries = retries.increment(
              ^^^^^^^^^^^^^^^^^^
  File "/usr/lib/python_udf/7572a8db11e712fed6beb756e6c14cdfd320d48237f422b7a5b1ae764f1db134/lib/python3.11/site-packages/urllib3/util/retry.py", line 519, in increment
    raise MaxRetryError(_pool, url, reason) from reason  # type: ignore[arg-type]
    ^^^^^^^^^^^^^^^^^^^^^^^^^^^^^^^^^^^^^^^^^^^^^^^^^^^
urllib3.exceptions.MaxRetryError: HTTPSConnectionPool(host='hub.getdbt.com', port=443): Max retries exceeded with url: /api/v1/index.json (Caused by NewConnectionError('<urllib3.connection.HTTPSConnection object at 0xf2f49b549fd0>: Failed to establish a new connection: [Errno 16] Device or resource busy'))

During handling of the above exception, another exception occurred:

Traceback (most recent call last):
  File "/usr/lib/python_udf/7572a8db11e712fed6beb756e6c14cdfd320d48237f422b7a5b1ae764f1db134/lib/python3.11/site-packages/dbt_common/utils/connection.py", line 21, in connection_exception_retry
    return fn()
           ^^^^
  File "/usr/lib/python_udf/7572a8db11e712fed6beb756e6c14cdfd320d48237f422b7a5b1ae764f1db134/lib/python3.11/site-packages/dbt/clients/registry.py", line 168, in _get_index
    resp = requests.get(url, timeout=30)
           ^^^^^^^^^^^^^^^^^^^^^^^^^^^^^
  File "/usr/lib/python_udf/7572a8db11e712fed6beb756e6c14cdfd320d48237f422b7a5b1ae764f1db134/lib/python3.11/site-packages/requests/api.py", line 73, in get
    return request("get", url, params=params, **kwargs)
           ^^^^^^^^^^^^^^^^^^^^^^^^^^^^^^^^^^^^^^^^^^^^
  File "/usr/lib/python_udf/7572a8db11e712fed6beb756e6c14cdfd320d48237f422b7a5b1ae764f1db134/lib/python3.11/site-packages/requests/api.py", line 59, in request
    return session.request(method=method, url=url, **kwargs)
           ^^^^^^^^^^^^^^^^^^^^^^^^^^^^^^^^^^^^^^^^^^^^^^^^^
  File "/usr/lib/python_udf/7572a8db11e712fed6beb756e6c14cdfd320d48237f422b7a5b1ae764f1db134/lib/python3.11/site-packages/requests/sessions.py", line 589, in request
    resp = self.send(prep, **send_kwargs)
           ^^^^^^^^^^^^^^^^^^^^^^^^^^^^^^
  File "/usr/lib/python_udf/7572a8db11e712fed6beb756e6c14cdfd320d48237f422b7a5b1ae764f1db134/lib/python3.11/site-packages/requests/sessions.py", line 703, in send
    r = adapter.send(request, **kwargs)
        ^^^^^^^^^^^^^^^^^^^^^^^^^^^^^^^
  File "/usr/lib/python_udf/7572a8db11e712fed6beb756e6c14cdfd320d48237f422b7a5b1ae764f1db134/lib/python3.11/site-packages/requests/adapters.py", line 700, in send
    raise ConnectionError(e, request=request)
requests.exceptions.ConnectionError: HTTPSConnectionPool(host='hub.getdbt.com', port=443): Max retries exceeded with url: /api/v1/index.json (Caused by NewConnectionError('<urllib3.connection.HTTPSConnection object at 0xf2f49b549fd0>: Failed to establish a new connection: [Errno 16] Device or resource busy'))

During handling of the above exception, another exception occurred:

Traceback (most recent call last):
  File "/usr/lib/python_udf/7572a8db11e712fed6beb756e6c14cdfd320d48237f422b7a5b1ae764f1db134/lib/python3.11/site-packages/urllib3/connection.py", line 198, in _new_conn
    sock = connection.create_connection(
           ^^^^^^^^^^^^^^^^^^^^^^^^^^^^^
  File "/usr/lib/python_udf/7572a8db11e712fed6beb756e6c14cdfd320d48237f422b7a5b1ae764f1db134/lib/python3.11/site-packages/urllib3/util/connection.py", line 60, in create_connection
    for res in socket.getaddrinfo(host, port, family, socket.SOCK_STREAM):
               ^^^^^^^^^^^^^^^^^^^^^^^^^^^^^^^^^^^^^^^^^^^^^^^^^^^^^^^^^^
  File "/usr/lib/python_udf/7572a8db11e712fed6beb756e6c14cdfd320d48237f422b7a5b1ae764f1db134/lib/python3.11/socket.py", line 974, in getaddrinfo
    for res in _socket.getaddrinfo(host, port, family, type, proto, flags):
               ^^^^^^^^^^^^^^^^^^^^^^^^^^^^^^^^^^^^^^^^^^^^^^^^^^^^^^^^^^^
OSError: [Errno 16] Device or resource busy

The above exception was the direct cause of the following exception:

Traceback (most recent call last):
  File "/usr/lib/python_udf/7572a8db11e712fed6beb756e6c14cdfd320d48237f422b7a5b1ae764f1db134/lib/python3.11/site-packages/urllib3/connectionpool.py", line 787, in urlopen
    response = self._make_request(
               ^^^^^^^^^^^^^^^^^^^
  File "/usr/lib/python_udf/7572a8db11e712fed6beb756e6c14cdfd320d48237f422b7a5b1ae764f1db134/lib/python3.11/site-packages/urllib3/connectionpool.py", line 488, in _make_request
    raise new_e
  File "/usr/lib/python_udf/7572a8db11e712fed6beb756e6c14cdfd320d48237f422b7a5b1ae764f1db134/lib/python3.11/site-packages/urllib3/connectionpool.py", line 464, in _make_request
    self._validate_conn(conn)
  File "/usr/lib/python_udf/7572a8db11e712fed6beb756e6c14cdfd320d48237f422b7a5b1ae764f1db134/lib/python3.11/site-packages/urllib3/connectionpool.py", line 1093, in _validate_conn
    conn.connect()
  File "/usr/lib/python_udf/7572a8db11e712fed6beb756e6c14cdfd320d48237f422b7a5b1ae764f1db134/lib/python3.11/site-packages/urllib3/connection.py", line 704, in connect
    self.sock = sock = self._new_conn()
                       ^^^^^^^^^^^^^^^^
  File "/usr/lib/python_udf/7572a8db11e712fed6beb756e6c14cdfd320d48237f422b7a5b1ae764f1db134/lib/python3.11/site-packages/urllib3/connection.py", line 213, in _new_conn
    raise NewConnectionError(
urllib3.exceptions.NewConnectionError: <urllib3.connection.HTTPSConnection object at 0xf2f49b54bd90>: Failed to establish a new connection: [Errno 16] Device or resource busy

The above exception was the direct cause of the following exception:

Traceback (most recent call last):
  File "/usr/lib/python_udf/7572a8db11e712fed6beb756e6c14cdfd320d48237f422b7a5b1ae764f1db134/lib/python3.11/site-packages/requests/adapters.py", line 667, in send
    resp = conn.urlopen(
           ^^^^^^^^^^^^^
  File "/usr/lib/python_udf/7572a8db11e712fed6beb756e6c14cdfd320d48237f422b7a5b1ae764f1db134/lib/python3.11/site-packages/urllib3/connectionpool.py", line 841, in urlopen
    retries = retries.increment(
              ^^^^^^^^^^^^^^^^^^
  File "/usr/lib/python_udf/7572a8db11e712fed6beb756e6c14cdfd320d48237f422b7a5b1ae764f1db134/lib/python3.11/site-packages/urllib3/util/retry.py", line 519, in increment
    raise MaxRetryError(_pool, url, reason) from reason  # type: ignore[arg-type]
    ^^^^^^^^^^^^^^^^^^^^^^^^^^^^^^^^^^^^^^^^^^^^^^^^^^^
urllib3.exceptions.MaxRetryError: HTTPSConnectionPool(host='hub.getdbt.com', port=443): Max retries exceeded with url: /api/v1/index.json (Caused by NewConnectionError('<urllib3.connection.HTTPSConnection object at 0xf2f49b54bd90>: Failed to establish a new connection: [Errno 16] Device or resource busy'))

During handling of the above exception, another exception occurred:

Traceback (most recent call last):
  File "/usr/lib/python_udf/7572a8db11e712fed6beb756e6c14cdfd320d48237f422b7a5b1ae764f1db134/lib/python3.11/site-packages/dbt_common/utils/connection.py", line 21, in connection_exception_retry
    return fn()
           ^^^^
  File "/usr/lib/python_udf/7572a8db11e712fed6beb756e6c14cdfd320d48237f422b7a5b1ae764f1db134/lib/python3.11/site-packages/dbt/clients/registry.py", line 168, in _get_index
    resp = requests.get(url, timeout=30)
           ^^^^^^^^^^^^^^^^^^^^^^^^^^^^^
  File "/usr/lib/python_udf/7572a8db11e712fed6beb756e6c14cdfd320d48237f422b7a5b1ae764f1db134/lib/python3.11/site-packages/requests/api.py", line 73, in get
    return request("get", url, params=params, **kwargs)
           ^^^^^^^^^^^^^^^^^^^^^^^^^^^^^^^^^^^^^^^^^^^^
  File "/usr/lib/python_udf/7572a8db11e712fed6beb756e6c14cdfd320d48237f422b7a5b1ae764f1db134/lib/python3.11/site-packages/requests/api.py", line 59, in request
    return session.request(method=method, url=url, **kwargs)
           ^^^^^^^^^^^^^^^^^^^^^^^^^^^^^^^^^^^^^^^^^^^^^^^^^
  File "/usr/lib/python_udf/7572a8db11e712fed6beb756e6c14cdfd320d48237f422b7a5b1ae764f1db134/lib/python3.11/site-packages/requests/sessions.py", line 589, in request
    resp = self.send(prep, **send_kwargs)
           ^^^^^^^^^^^^^^^^^^^^^^^^^^^^^^
  File "/usr/lib/python_udf/7572a8db11e712fed6beb756e6c14cdfd320d48237f422b7a5b1ae764f1db134/lib/python3.11/site-packages/requests/sessions.py", line 703, in send
    r = adapter.send(request, **kwargs)
        ^^^^^^^^^^^^^^^^^^^^^^^^^^^^^^^
  File "/usr/lib/python_udf/7572a8db11e712fed6beb756e6c14cdfd320d48237f422b7a5b1ae764f1db134/lib/python3.11/site-packages/requests/adapters.py", line 700, in send
    raise ConnectionError(e, request=request)
requests.exceptions.ConnectionError: HTTPSConnectionPool(host='hub.getdbt.com', port=443): Max retries exceeded with url: /api/v1/index.json (Caused by NewConnectionError('<urllib3.connection.HTTPSConnection object at 0xf2f49b54bd90>: Failed to establish a new connection: [Errno 16] Device or resource busy'))

During handling of the above exception, another exception occurred:

Traceback (most recent call last):
  File "/usr/lib/python_udf/7572a8db11e712fed6beb756e6c14cdfd320d48237f422b7a5b1ae764f1db134/lib/python3.11/site-packages/urllib3/connection.py", line 198, in _new_conn
    sock = connection.create_connection(
           ^^^^^^^^^^^^^^^^^^^^^^^^^^^^^
  File "/usr/lib/python_udf/7572a8db11e712fed6beb756e6c14cdfd320d48237f422b7a5b1ae764f1db134/lib/python3.11/site-packages/urllib3/util/connection.py", line 60, in create_connection
    for res in socket.getaddrinfo(host, port, family, socket.SOCK_STREAM):
               ^^^^^^^^^^^^^^^^^^^^^^^^^^^^^^^^^^^^^^^^^^^^^^^^^^^^^^^^^^
  File "/usr/lib/python_udf/7572a8db11e712fed6beb756e6c14cdfd320d48237f422b7a5b1ae764f1db134/lib/python3.11/socket.py", line 974, in getaddrinfo
    for res in _socket.getaddrinfo(host, port, family, type, proto, flags):
               ^^^^^^^^^^^^^^^^^^^^^^^^^^^^^^^^^^^^^^^^^^^^^^^^^^^^^^^^^^^
OSError: [Errno 16] Device or resource busy

The above exception was the direct cause of the following exception:

Traceback (most recent call last):
  File "/usr/lib/python_udf/7572a8db11e712fed6beb756e6c14cdfd320d48237f422b7a5b1ae764f1db134/lib/python3.11/site-packages/urllib3/connectionpool.py", line 787, in urlopen
    response = self._make_request(
               ^^^^^^^^^^^^^^^^^^^
  File "/usr/lib/python_udf/7572a8db11e712fed6beb756e6c14cdfd320d48237f422b7a5b1ae764f1db134/lib/python3.11/site-packages/urllib3/connectionpool.py", line 488, in _make_request
    raise new_e
  File "/usr/lib/python_udf/7572a8db11e712fed6beb756e6c14cdfd320d48237f422b7a5b1ae764f1db134/lib/python3.11/site-packages/urllib3/connectionpool.py", line 464, in _make_request
    self._validate_conn(conn)
  File "/usr/lib/python_udf/7572a8db11e712fed6beb756e6c14cdfd320d48237f422b7a5b1ae764f1db134/lib/python3.11/site-packages/urllib3/connectionpool.py", line 1093, in _validate_conn
    conn.connect()
  File "/usr/lib/python_udf/7572a8db11e712fed6beb756e6c14cdfd320d48237f422b7a5b1ae764f1db134/lib/python3.11/site-packages/urllib3/connection.py", line 704, in connect
    self.sock = sock = self._new_conn()
                       ^^^^^^^^^^^^^^^^
  File "/usr/lib/python_udf/7572a8db11e712fed6beb756e6c14cdfd320d48237f422b7a5b1ae764f1db134/lib/python3.11/site-packages/urllib3/connection.py", line 213, in _new_conn
    raise NewConnectionError(
urllib3.exceptions.NewConnectionError: <urllib3.connection.HTTPSConnection object at 0xf2f49b54dcd0>: Failed to establish a new connection: [Errno 16] Device or resource busy

The above exception was the direct cause of the following exception:

Traceback (most recent call last):
  File "/usr/lib/python_udf/7572a8db11e712fed6beb756e6c14cdfd320d48237f422b7a5b1ae764f1db134/lib/python3.11/site-packages/requests/adapters.py", line 667, in send
    resp = conn.urlopen(
           ^^^^^^^^^^^^^
  File "/usr/lib/python_udf/7572a8db11e712fed6beb756e6c14cdfd320d48237f422b7a5b1ae764f1db134/lib/python3.11/site-packages/urllib3/connectionpool.py", line 841, in urlopen
    retries = retries.increment(
              ^^^^^^^^^^^^^^^^^^
  File "/usr/lib/python_udf/7572a8db11e712fed6beb756e6c14cdfd320d48237f422b7a5b1ae764f1db134/lib/python3.11/site-packages/urllib3/util/retry.py", line 519, in increment
    raise MaxRetryError(_pool, url, reason) from reason  # type: ignore[arg-type]
    ^^^^^^^^^^^^^^^^^^^^^^^^^^^^^^^^^^^^^^^^^^^^^^^^^^^
urllib3.exceptions.MaxRetryError: HTTPSConnectionPool(host='hub.getdbt.com', port=443): Max retries exceeded with url: /api/v1/index.json (Caused by NewConnectionError('<urllib3.connection.HTTPSConnection object at 0xf2f49b54dcd0>: Failed to establish a new connection: [Errno 16] Device or resource busy'))

During handling of the above exception, another exception occurred:

Traceback (most recent call last):
  File "/usr/lib/python_udf/7572a8db11e712fed6beb756e6c14cdfd320d48237f422b7a5b1ae764f1db134/lib/python3.11/site-packages/dbt_common/utils/connection.py", line 21, in connection_exception_retry
    return fn()
           ^^^^
  File "/usr/lib/python_udf/7572a8db11e712fed6beb756e6c14cdfd320d48237f422b7a5b1ae764f1db134/lib/python3.11/site-packages/dbt/clients/registry.py", line 168, in _get_index
    resp = requests.get(url, timeout=30)
           ^^^^^^^^^^^^^^^^^^^^^^^^^^^^^
  File "/usr/lib/python_udf/7572a8db11e712fed6beb756e6c14cdfd320d48237f422b7a5b1ae764f1db134/lib/python3.11/site-packages/requests/api.py", line 73, in get
    return request("get", url, params=params, **kwargs)
           ^^^^^^^^^^^^^^^^^^^^^^^^^^^^^^^^^^^^^^^^^^^^
  File "/usr/lib/python_udf/7572a8db11e712fed6beb756e6c14cdfd320d48237f422b7a5b1ae764f1db134/lib/python3.11/site-packages/requests/api.py", line 59, in request
    return session.request(method=method, url=url, **kwargs)
           ^^^^^^^^^^^^^^^^^^^^^^^^^^^^^^^^^^^^^^^^^^^^^^^^^
  File "/usr/lib/python_udf/7572a8db11e712fed6beb756e6c14cdfd320d48237f422b7a5b1ae764f1db134/lib/python3.11/site-packages/requests/sessions.py", line 589, in request
    resp = self.send(prep, **send_kwargs)
           ^^^^^^^^^^^^^^^^^^^^^^^^^^^^^^
  File "/usr/lib/python_udf/7572a8db11e712fed6beb756e6c14cdfd320d48237f422b7a5b1ae764f1db134/lib/python3.11/site-packages/requests/sessions.py", line 703, in send
    r = adapter.send(request, **kwargs)
        ^^^^^^^^^^^^^^^^^^^^^^^^^^^^^^^
  File "/usr/lib/python_udf/7572a8db11e712fed6beb756e6c14cdfd320d48237f422b7a5b1ae764f1db134/lib/python3.11/site-packages/requests/adapters.py", line 700, in send
    raise ConnectionError(e, request=request)
requests.exceptions.ConnectionError: HTTPSConnectionPool(host='hub.getdbt.com', port=443): Max retries exceeded with url: /api/v1/index.json (Caused by NewConnectionError('<urllib3.connection.HTTPSConnection object at 0xf2f49b54dcd0>: Failed to establish a new connection: [Errno 16] Device or resource busy'))

During handling of the above exception, another exception occurred:

Traceback (most recent call last):
  File "/usr/lib/python_udf/7572a8db11e712fed6beb756e6c14cdfd320d48237f422b7a5b1ae764f1db134/lib/python3.11/site-packages/dbt/cli/requires.py", line 153, in wrapper
    result, success = func(*args, **kwargs)
                      ^^^^^^^^^^^^^^^^^^^^^
  File "/usr/lib/python_udf/7572a8db11e712fed6beb756e6c14cdfd320d48237f422b7a5b1ae764f1db134/lib/python3.11/site-packages/dbt/cli/requires.py", line 103, in wrapper
    return func(*args, **kwargs)
           ^^^^^^^^^^^^^^^^^^^^^
  File "/usr/lib/python_udf/7572a8db11e712fed6beb756e6c14cdfd320d48237f422b7a5b1ae764f1db134/lib/python3.11/site-packages/dbt/cli/requires.py", line 218, in wrapper
    return func(*args, **kwargs)
           ^^^^^^^^^^^^^^^^^^^^^
  File "/usr/lib/python_udf/7572a8db11e712fed6beb756e6c14cdfd320d48237f422b7a5b1ae764f1db134/lib/python3.11/site-packages/dbt/cli/requires.py", line 264, in wrapper
    return func(*args, **kwargs)
           ^^^^^^^^^^^^^^^^^^^^^
  File "/usr/lib/python_udf/7572a8db11e712fed6beb756e6c14cdfd320d48237f422b7a5b1ae764f1db134/lib/python3.11/site-packages/dbt/cli/main.py", line 455, in deps
    results = task.run()
              ^^^^^^^^^^
  File "/usr/lib/python_udf/7572a8db11e712fed6beb756e6c14cdfd320d48237f422b7a5b1ae764f1db134/lib/python3.11/site-packages/dbt/task/deps.py", line 211, in run
    self.lock()
  File "/usr/lib/python_udf/7572a8db11e712fed6beb756e6c14cdfd320d48237f422b7a5b1ae764f1db134/lib/python3.11/site-packages/dbt/task/deps.py", line 187, in lock
    resolved_deps = resolve_packages(packages, self.project, self.cli_vars)
                    ^^^^^^^^^^^^^^^^^^^^^^^^^^^^^^^^^^^^^^^^^^^^^^^^^^^^^^^
  File "/usr/lib/python_udf/7572a8db11e712fed6beb756e6c14cdfd320d48237f422b7a5b1ae764f1db134/lib/python3.11/site-packages/dbt/deps/resolver.py", line 131, in resolve_packages
    target = final[package].resolved().fetch_metadata(project, renderer)
             ^^^^^^^^^^^^^^^^^^^^^^^^^
  File "/usr/lib/python_udf/7572a8db11e712fed6beb756e6c14cdfd320d48237f422b7a5b1ae764f1db134/lib/python3.11/site-packages/dbt/deps/registry.py", line 98, in resolved
    self._check_in_index()
  File "/usr/lib/python_udf/7572a8db11e712fed6beb756e6c14cdfd320d48237f422b7a5b1ae764f1db134/lib/python3.11/site-packages/dbt/deps/registry.py", line 75, in _check_in_index
    index = registry.index_cached()
            ^^^^^^^^^^^^^^^^^^^^^^^
  File "/usr/lib/python_udf/7572a8db11e712fed6beb756e6c14cdfd320d48237f422b7a5b1ae764f1db134/lib/python3.11/site-packages/dbt/utils.py", line 127, in __call__
    value = self.func(*args)
            ^^^^^^^^^^^^^^^^
  File "/usr/lib/python_udf/7572a8db11e712fed6beb756e6c14cdfd320d48237f422b7a5b1ae764f1db134/lib/python3.11/site-packages/dbt/clients/registry.py", line 189, in index
    return connection_exception_retry(get_index_fn, 5)
           ^^^^^^^^^^^^^^^^^^^^^^^^^^^^^^^^^^^^^^^^^^^
  File "/usr/lib/python_udf/7572a8db11e712fed6beb756e6c14cdfd320d48237f422b7a5b1ae764f1db134/lib/python3.11/site-packages/dbt_common/utils/connection.py", line 34, in connection_exception_retry
    return connection_exception_retry(fn, max_attempts, attempt + 1)
           ^^^^^^^^^^^^^^^^^^^^^^^^^^^^^^^^^^^^^^^^^^^^^^^^^^^^^^^^^
  File "/usr/lib/python_udf/7572a8db11e712fed6beb756e6c14cdfd320d48237f422b7a5b1ae764f1db134/lib/python3.11/site-packages/dbt_common/utils/connection.py", line 34, in connection_exception_retry
    return connection_exception_retry(fn, max_attempts, attempt + 1)
           ^^^^^^^^^^^^^^^^^^^^^^^^^^^^^^^^^^^^^^^^^^^^^^^^^^^^^^^^^
  File "/usr/lib/python_udf/7572a8db11e712fed6beb756e6c14cdfd320d48237f422b7a5b1ae764f1db134/lib/python3.11/site-packages/dbt_common/utils/connection.py", line 34, in connection_exception_retry
    return connection_exception_retry(fn, max_attempts, attempt + 1)
           ^^^^^^^^^^^^^^^^^^^^^^^^^^^^^^^^^^^^^^^^^^^^^^^^^^^^^^^^^
  [Previous line repeated 2 more times]
  File "/usr/lib/python_udf/7572a8db11e712fed6beb756e6c14cdfd320d48237f422b7a5b1ae764f1db134/lib/python3.11/site-packages/dbt_common/utils/connection.py", line 36, in connection_exception_retry
    raise ConnectionError("External connection exception occurred: " + str(exc))
dbt_common.exceptions.connection.ConnectionError: External connection exception occurred: HTTPSConnectionPool(host='hub.getdbt.com', port=443): Max retries exceeded with url: /api/v1/index.json (Caused by NewConnectionError('<urllib3.connection.HTTPSConnection object at 0xf2f49b54dcd0>: Failed to establish a new connection: [Errno 16] Device or resource busy'))

[0m17:01:29.887230 [debug] [Dummy-1   ]: Resource report: {"command_name": "deps", "command_success": false, "command_wall_clock_time": 5.420394, "process_in_blocks": "0", "process_kernel_time": 0.95, "process_mem_max_rss": "404212", "process_out_blocks": "0", "process_user_time": 4.49}
[0m17:01:29.888111 [debug] [Dummy-1   ]: Command `cli deps` failed at 17:01:29.887715 after 5.42 seconds
[0m17:01:29.888899 [debug] [Dummy-1   ]: Flushing usage events


============================== 17:05:33.956301 | 08bbc078-752e-46b1-b492-2bb00c62501f ==============================
[0m17:05:33.956301 [info ] [Dummy-1   ]: Running with dbt=1.9.4
[0m17:05:33.957460 [debug] [Dummy-1   ]: running dbt with arguments {'printer_width': '80', 'indirect_selection': 'eager', 'write_json': 'True', 'log_cache_events': 'False', 'partial_parse': 'True', 'cache_selected_only': 'False', 'warn_error': 'None', 'debug': 'False', 'fail_fast': 'False', 'log_path': '/tmp/dbt/logs', 'profiles_dir': '/tmp/dbt/', 'version_check': 'True', 'use_colors': 'True', 'use_experimental_parser': 'False', 'no_print': 'None', 'quiet': 'False', 'empty': 'None', 'warn_error_options': 'WarnErrorOptions(include=[], exclude=[])', 'static_parser': 'True', 'introspect': 'True', 'log_format': 'default', 'target_path': 'None', 'invocation_command': 'dbt ', 'send_anonymous_usage_stats': 'False'}
[0m17:05:34.200605 [debug] [Dummy-1   ]: Set downloads directory='/tmp/dbt-downloads-k9ghixc8'
[0m17:05:34.201712 [debug] [Dummy-1   ]: Making package index registry request: GET https://hub.getdbt.com/api/v1/index.json
[0m17:05:34.215027 [debug] [Dummy-1   ]: Response from registry index: GET https://hub.getdbt.com/api/v1/index.json 200
[0m17:05:34.216149 [debug] [Dummy-1   ]: Making package registry request: GET https://hub.getdbt.com/api/v1/dbt-labs/dbt_utils.json
[0m17:05:34.227209 [debug] [Dummy-1   ]: Response from registry: GET https://hub.getdbt.com/api/v1/dbt-labs/dbt_utils.json 200
[0m17:05:34.237903 [debug] [Dummy-1   ]: Making package registry request: GET https://hub.getdbt.com/api/v1/calogica/dbt_expectations.json
[0m17:05:34.645958 [debug] [Dummy-1   ]: Response from registry: GET https://hub.getdbt.com/api/v1/calogica/dbt_expectations.json 200
[0m17:05:34.648166 [warn ] [Dummy-1   ]: [[33mWARNING[0m]: Deprecated functionality
The `calogica/dbt_expectations` package is deprecated in favor of
`metaplane/dbt_expectations`. Please update your `packages.yml` configuration to
use `metaplane/dbt_expectations` instead.
[0m17:05:34.652632 [debug] [Dummy-1   ]: Making package registry request: GET https://hub.getdbt.com/api/v1/calogica/dbt_date.json
[0m17:05:34.664336 [debug] [Dummy-1   ]: Response from registry: GET https://hub.getdbt.com/api/v1/calogica/dbt_date.json 200
[0m17:05:34.684689 [info ] [Dummy-1   ]: Updating lock file in file path: /tmp/dbt/package-lock.yml
[0m17:05:34.689443 [debug] [Dummy-1   ]: Set downloads directory='/tmp/dbt-downloads-3psxisk6'
[0m17:05:34.701598 [info ] [Dummy-1   ]: Installing dbt-labs/dbt_utils
[0m17:05:35.008756 [info ] [Dummy-1   ]: Installed from version 1.3.3
[0m17:05:35.009442 [info ] [Dummy-1   ]: Up to date!
[0m17:05:35.010122 [info ] [Dummy-1   ]: Installing calogica/dbt_expectations
[0m17:05:35.466647 [info ] [Dummy-1   ]: Installed from version 0.10.4
[0m17:05:35.467331 [info ] [Dummy-1   ]: Up to date!
[0m17:05:35.468009 [info ] [Dummy-1   ]: Installing calogica/dbt_date
[0m17:05:35.718050 [info ] [Dummy-1   ]: Installed from version 0.10.1
[0m17:05:35.718882 [info ] [Dummy-1   ]: Up to date!
[0m17:05:35.721574 [debug] [Dummy-1   ]: Resource report: {"command_name": "deps", "command_success": true, "command_wall_clock_time": 1.8645139, "process_in_blocks": "0", "process_kernel_time": 1.03, "process_mem_max_rss": "405484", "process_out_blocks": "0", "process_user_time": 4.5}
[0m17:05:35.722449 [debug] [Dummy-1   ]: Command `cli deps` succeeded at 17:05:35.722034 after 1.87 seconds
[0m17:05:35.723121 [debug] [Dummy-1   ]: Flushing usage events
